1,6,1,1,,dc3891fb229145bf9f82741807cce24a,文泉,2020-08-11 15:42:16,,,,BB
2,6,1,1,,dc3891fb229145bf9f82741807cce24a,文泉,2020-08-11 15:42:16,,,,BB
3,6,1,1,,dc3891fb229145bf9f82741807cce24a,文泉,2020-08-11 15:42:16,,,,BB
4,6,1,1,,dc3891fb229145bf9f82741807cce24a,文泉,2020-08-11 15:42:16,,,,BB
5,6,1,1,,dc3891fb229145bf9f82741807cce24a,文泉,2020-08-11 15:42:16,,,,BB
6,6,1,1,,dc3891fb229145bf9f82741807cce24a,文泉,2020-08-11 15:42:16,,,,BB
7,6,1,1,,dc3891fb229145bf9f82741807cce24a,文泉,2020-08-11 15:42:16,,,,BB
8,6,1,1,,dc3891fb229145bf9f82741807cce24a,文泉,2020-08-11 15:42:16,,,,BB
9,6,1,1,,dc3891fb229145bf9f82741807cce24a,文泉,2020-08-11 15:42:16,,,,BB
10,6,1,1,,dc3891fb229145bf9f82741807cce24a,文泉,2020-08-11 15:42:16,,,,BB
11,6,1,1,,dc3891fb229145bf9f82741807cce24a,文泉,2020-08-11 15:42:16,,,,BB
12,6,1,1,,dc3891fb229145bf9f82741807cce24a,文泉,2020-08-11 15:42:16,,,,BB
13,6,1,1,,dc3891fb229145bf9f82741807cce24a,文泉,2020-08-11 15:42:16,,,,BB
14,6,1,1,,dc3891fb229145bf9f82741807cce24a,文泉,2020-08-11 15:42:16,,,,BB
15,6,1,1,,dc3891fb229145bf9f82741807cce24a,文泉,2020-08-11 15:42:16,,,,BB
16,6,1,1,,dc3891fb229145bf9f82741807cce24a,文泉,2020-08-11 15:42:16,,,,BB
17,6,1,1,,dc3891fb229145bf9f82741807cce24a,文泉,2020-08-11 15:42:16,,,,BB
18,6,1,1,,dc3891fb229145bf9f82741807cce24a,文泉,2020-08-11 15:42:16,,,,BB
19,6,1,1,,dc3891fb229145bf9f82741807cce24a,文泉,2020-08-11 15:42:16,,,,BB
20,6,1,1,,dc3891fb229145bf9f82741807cce24a,文泉,2020-08-11 15:42:16,,,,BB
21,6,1,1,,dc3891fb229145bf9f82741807cce24a,文泉,2020-08-11 15:42:16,,,,BB
22,6,1,1,,dc3891fb229145bf9f82741807cce24a,文泉,2020-08-11 15:42:16,,,,BB
23,6,1,1,,dc3891fb229145bf9f82741807cce24a,文泉,2020-08-11 15:42:16,,,,BB
24,6,1,1,,dc3891fb229145bf9f82741807cce24a,文泉,2020-08-11 15:42:16,,,,BB
25,6,1,1,,dc3891fb229145bf9f82741807cce24a,文泉,2020-08-11 15:42:16,,,,BB
26,6,1,1,,dc3891fb229145bf9f82741807cce24a,文泉,2020-08-11 15:42:16,,,,BB
27,6,1,1,,dc3891fb229145bf9f82741807cce24a,文泉,2020-08-11 15:42:16,,,,BB
28,6,1,1,,dc3891fb229145bf9f82741807cce24a,文泉,2020-08-11 15:42:16,,,,BB
29,6,1,1,,dc3891fb229145bf9f82741807cce24a,文泉,2020-08-11 15:42:16,,,,BB
30,6,1,1,,dc3891fb229145bf9f82741807cce24a,文泉,2020-08-11 15:42:16,,,,BB
31,6,1,1,,dc3891fb229145bf9f82741807cce24a,文泉,2020-08-11 15:42:16,,,,BB
32,6,1,1,,dc3891fb229145bf9f82741807cce24a,文泉,2020-08-11 15:42:16,,,,BB
33,6,1,1,,dc3891fb229145bf9f82741807cce24a,文泉,2020-08-11 15:42:16,,,,BB
34,6,1,1,,dc3891fb229145bf9f82741807cce24a,文泉,2020-08-11 15:42:16,,,,BB
35,6,1,1,,dc3891fb229145bf9f82741807cce24a,文泉,2020-08-11 15:42:16,,,,BB
36,6,1,1,,dc3891fb229145bf9f82741807cce24a,文泉,2020-08-11 15:42:16,,,,BB
37,6,1,1,,dc3891fb229145bf9f82741807cce24a,文泉,2020-08-11 15:42:16,,,,BB
38,6,1,1,,dc3891fb229145bf9f82741807cce24a,文泉,2020-08-11 15:42:16,,,,BB
39,6,1,1,,dc3891fb229145bf9f82741807cce24a,文泉,2020-08-11 15:42:16,,,,BB
40,6,1,1,,dc3891fb229145bf9f82741807cce24a,文泉,2020-08-11 15:42:16,,,,BB
41,6,1,1,,dc3891fb229145bf9f82741807cce24a,文泉,2020-08-11 15:42:16,,,,BB
42,6,1,1,,dc3891fb229145bf9f82741807cce24a,文泉,2020-08-11 15:42:16,,,,BB
43,6,1,1,,dc3891fb229145bf9f82741807cce24a,文泉,2020-08-11 15:42:16,,,,BB
44,6,1,1,,dc3891fb229145bf9f82741807cce24a,文泉,2020-08-11 15:42:16,,,,BB
45,6,1,1,,dc3891fb229145bf9f82741807cce24a,文泉,2020-08-11 15:42:16,,,,BB
46,6,1,1,,dc3891fb229145bf9f82741807cce24a,文泉,2020-08-11 15:42:16,,,,BB
47,6,1,1,,dc3891fb229145bf9f82741807cce24a,文泉,2020-08-11 15:42:16,,,,BB
48,6,1,1,,dc3891fb229145bf9f82741807cce24a,文泉,2020-08-11 15:42:16,,,,BB
49,6,1,1,,dc3891fb229145bf9f82741807cce24a,文泉,2020-08-11 15:42:16,,,,BB
50,6,1,1,,dc3891fb229145bf9f82741807cce24a,文泉,2020-08-11 15:42:16,,,,BB
51,6,1,1,,dc3891fb229145bf9f82741807cce24a,文泉,2020-08-11 15:42:16,,,,BB
52,6,1,1,,dc3891fb229145bf9f82741807cce24a,文泉,2020-08-11 15:42:16,,,,BB
53,6,1,1,,dc3891fb229145bf9f82741807cce24a,文泉,2020-08-11 15:42:16,,,,BB
54,6,1,1,,dc3891fb229145bf9f82741807cce24a,文泉,2020-08-11 15:42:16,,,,BB
55,6,1,1,,dc3891fb229145bf9f82741807cce24a,文泉,2020-08-11 15:42:16,,,,BB
56,6,1,1,,dc3891fb229145bf9f82741807cce24a,文泉,2020-08-11 15:42:16,,,,BB
57,6,1,1,,dc3891fb229145bf9f82741807cce24a,文泉,2020-08-11 15:42:16,,,,BB
58,6,1,1,,dc3891fb229145bf9f82741807cce24a,文泉,2020-08-11 15:42:16,,,,BB
59,6,1,1,,dc3891fb229145bf9f82741807cce24a,文泉,2020-08-11 15:42:16,,,,BB
60,6,1,1,,dc3891fb229145bf9f82741807cce24a,文泉,2020-08-11 15:42:16,,,,BB
61,6,1,1,,dc3891fb229145bf9f82741807cce24a,文泉,2020-08-11 15:42:16,,,,BB
62,6,1,1,,dc3891fb229145bf9f82741807cce24a,文泉,2020-08-11 15:42:16,,,,BB
63,6,1,1,,dc3891fb229145bf9f82741807cce24a,文泉,2020-08-11 15:42:16,,,,BB
64,6,1,1,,dc3891fb229145bf9f82741807cce24a,文泉,2020-08-11 15:42:16,,,,BB
65,6,1,1,,dc3891fb229145bf9f82741807cce24a,文泉,2020-08-11 15:42:16,,,,BB
66,6,1,1,,dc3891fb229145bf9f82741807cce24a,文泉,2020-08-11 15:42:16,,,,BB
67,6,1,1,,dc3891fb229145bf9f82741807cce24a,文泉,2020-08-11 15:42:16,,,,BB
68,6,1,1,,dc3891fb229145bf9f82741807cce24a,文泉,2020-08-11 15:42:16,,,,BB
69,6,1,1,,dc3891fb229145bf9f82741807cce24a,文泉,2020-08-11 15:42:16,,,,BB
70,6,1,1,,dc3891fb229145bf9f82741807cce24a,文泉,2020-08-11 15:42:16,,,,BB
71,6,1,1,,dc3891fb229145bf9f82741807cce24a,文泉,2020-08-11 15:42:16,,,,BB
72,6,1,1,,dc3891fb229145bf9f82741807cce24a,文泉,2020-08-11 15:42:16,,,,BB
73,6,1,1,,dc3891fb229145bf9f82741807cce24a,文泉,2020-08-11 15:42:16,,,,BB
74,6,1,1,,dc3891fb229145bf9f82741807cce24a,文泉,2020-08-11 15:42:16,,,,BB
75,6,1,1,,dc3891fb229145bf9f82741807cce24a,文泉,2020-08-11 15:42:16,,,,BB
76,6,1,1,,dc3891fb229145bf9f82741807cce24a,文泉,2020-08-11 15:42:16,,,,BB
77,6,1,1,,dc3891fb229145bf9f82741807cce24a,文泉,2020-08-11 15:42:16,,,,BB
78,6,1,1,,dc3891fb229145bf9f82741807cce24a,文泉,2020-08-11 15:42:16,,,,BB
79,6,1,1,,dc3891fb229145bf9f82741807cce24a,文泉,2020-08-11 15:42:16,,,,BB
80,6,1,1,,dc3891fb229145bf9f82741807cce24a,文泉,2020-08-11 15:42:16,,,,BB
81,6,1,1,,dc3891fb229145bf9f82741807cce24a,文泉,2020-08-11 15:42:16,,,,BB
82,6,1,1,,dc3891fb229145bf9f82741807cce24a,文泉,2020-08-11 15:42:16,,,,BB
83,6,1,1,,dc3891fb229145bf9f82741807cce24a,文泉,2020-08-11 15:42:16,,,,BB
84,6,1,1,,dc3891fb229145bf9f82741807cce24a,文泉,2020-08-11 15:42:16,,,,BB
85,6,1,1,,dc3891fb229145bf9f82741807cce24a,文泉,2020-08-11 15:42:16,,,,BB
86,6,1,1,,dc3891fb229145bf9f82741807cce24a,文泉,2020-08-11 15:42:16,,,,BB
87,6,1,1,,dc3891fb229145bf9f82741807cce24a,文泉,2020-08-11 15:42:16,,,,BB
88,6,1,1,,dc3891fb229145bf9f82741807cce24a,文泉,2020-08-11 15:42:16,,,,BB
89,6,1,1,,dc3891fb229145bf9f82741807cce24a,文泉,2020-08-11 15:42:16,,,,BB
90,6,1,1,,dc3891fb229145bf9f82741807cce24a,文泉,2020-08-11 15:42:16,,,,BB
91,6,1,1,,dc3891fb229145bf9f82741807cce24a,文泉,2020-08-11 15:42:16,,,,BB
92,6,1,1,,dc3891fb229145bf9f82741807cce24a,文泉,2020-08-11 15:42:16,,,,BB
93,6,1,1,,dc3891fb229145bf9f82741807cce24a,文泉,2020-08-11 15:42:16,,,,BB
94,6,1,1,,dc3891fb229145bf9f82741807cce24a,文泉,2020-08-11 15:42:16,,,,BB
95,6,1,1,,dc3891fb229145bf9f82741807cce24a,文泉,2020-08-11 15:42:16,,,,BB
96,6,1,1,,dc3891fb229145bf9f82741807cce24a,文泉,2020-08-11 15:42:16,,,,BB
97,6,1,1,,dc3891fb229145bf9f82741807cce24a,文泉,2020-08-11 15:42:16,,,,BB
98,6,1,1,,dc3891fb229145bf9f82741807cce24a,文泉,2020-08-11 15:42:16,,,,BB
99,6,1,1,,dc3891fb229145bf9f82741807cce24a,文泉,2020-08-11 15:42:16,,,,BB
100,6,1,1,,dc3891fb229145bf9f82741807cce24a,文泉,2020-08-11 15:42:16,,,,BB
101,6,1,1,,dc3891fb229145bf9f82741807cce24a,文泉,2020-08-11 18:14:21,,,,BB
102,6,1,1,,dc3891fb229145bf9f82741807cce24a,文泉,2020-08-11 18:14:21,,,,BB
103,6,1,1,,dc3891fb229145bf9f82741807cce24a,文泉,2020-08-11 18:14:21,,,,BB
104,6,1,1,,dc3891fb229145bf9f82741807cce24a,文泉,2020-08-11 18:14:21,,,,BB
105,6,1,1,,dc3891fb229145bf9f82741807cce24a,文泉,2020-08-11 18:14:21,,,,BB
106,6,1,1,,dc3891fb229145bf9f82741807cce24a,文泉,2020-08-11 18:14:21,,,,BB
107,6,1,1,,dc3891fb229145bf9f82741807cce24a,文泉,2020-08-11 18:14:21,,,,BB
108,6,1,1,,dc3891fb229145bf9f82741807cce24a,文泉,2020-08-11 18:14:21,,,,BB
109,6,1,1,,dc3891fb229145bf9f82741807cce24a,文泉,2020-08-11 18:14:21,,,,BB
110,6,1,1,,dc3891fb229145bf9f82741807cce24a,文泉,2020-08-11 18:14:21,,,,BB
111,6,1,1,,dc3891fb229145bf9f82741807cce24a,文泉,2020-08-11 18:14:21,,,,BB
112,6,1,1,,dc3891fb229145bf9f82741807cce24a,文泉,2020-08-11 18:14:21,,,,BB
113,6,1,1,,dc3891fb229145bf9f82741807cce24a,文泉,2020-08-11 18:14:21,,,,BB
114,6,1,1,,dc3891fb229145bf9f82741807cce24a,文泉,2020-08-11 18:14:21,,,,BB
115,6,1,1,,dc3891fb229145bf9f82741807cce24a,文泉,2020-08-11 18:14:21,,,,BB
116,6,1,1,,dc3891fb229145bf9f82741807cce24a,文泉,2020-08-11 18:14:21,,,,BB
117,6,1,1,,dc3891fb229145bf9f82741807cce24a,文泉,2020-08-11 18:14:21,,,,BB
118,6,1,1,,dc3891fb229145bf9f82741807cce24a,文泉,2020-08-11 18:14:21,,,,BB
119,6,1,1,,dc3891fb229145bf9f82741807cce24a,文泉,2020-08-11 18:14:21,,,,BB
120,6,1,1,,dc3891fb229145bf9f82741807cce24a,文泉,2020-08-11 18:14:21,,,,BB
121,6,1,1,,dc3891fb229145bf9f82741807cce24a,文泉,2020-08-11 18:14:21,,,,BB
122,6,1,1,,dc3891fb229145bf9f82741807cce24a,文泉,2020-08-11 18:14:21,,,,BB
123,6,1,1,,dc3891fb229145bf9f82741807cce24a,文泉,2020-08-11 18:14:21,,,,BB
124,6,1,1,,dc3891fb229145bf9f82741807cce24a,文泉,2020-08-11 18:14:21,,,,BB
125,6,1,1,,dc3891fb229145bf9f82741807cce24a,文泉,2020-08-11 18:14:21,,,,BB
126,6,1,1,,dc3891fb229145bf9f82741807cce24a,文泉,2020-08-11 18:14:21,,,,BB
127,6,1,1,,dc3891fb229145bf9f82741807cce24a,文泉,2020-08-11 18:14:21,,,,BB
128,6,1,1,,dc3891fb229145bf9f82741807cce24a,文泉,2020-08-11 18:14:21,,,,BB
129,6,1,1,,dc3891fb229145bf9f82741807cce24a,文泉,2020-08-11 18:14:21,,,,BB
130,6,1,1,,dc3891fb229145bf9f82741807cce24a,文泉,2020-08-11 18:14:21,,,,BB
131,6,1,1,,dc3891fb229145bf9f82741807cce24a,文泉,2020-08-11 18:14:21,,,,BB
132,6,1,1,,dc3891fb229145bf9f82741807cce24a,文泉,2020-08-11 18:14:21,,,,BB
133,6,1,1,,dc3891fb229145bf9f82741807cce24a,文泉,2020-08-11 18:14:21,,,,BB
134,6,1,1,,dc3891fb229145bf9f82741807cce24a,文泉,2020-08-11 18:14:21,,,,BB
135,6,1,1,,dc3891fb229145bf9f82741807cce24a,文泉,2020-08-11 18:14:21,,,,BB
136,6,1,1,,dc3891fb229145bf9f82741807cce24a,文泉,2020-08-11 18:14:21,,,,BB
137,6,1,1,,dc3891fb229145bf9f82741807cce24a,文泉,2020-08-11 18:14:21,,,,BB
138,6,1,1,,dc3891fb229145bf9f82741807cce24a,文泉,2020-08-11 18:14:21,,,,BB
139,6,1,1,,dc3891fb229145bf9f82741807cce24a,文泉,2020-08-11 18:14:21,,,,BB
140,6,1,1,,dc3891fb229145bf9f82741807cce24a,文泉,2020-08-11 18:14:21,,,,BB
141,6,1,1,,dc3891fb229145bf9f82741807cce24a,文泉,2020-08-11 18:14:21,,,,BB
142,6,1,1,,dc3891fb229145bf9f82741807cce24a,文泉,2020-08-11 18:14:21,,,,BB
143,6,1,1,,dc3891fb229145bf9f82741807cce24a,文泉,2020-08-11 18:14:21,,,,BB
144,6,1,1,,dc3891fb229145bf9f82741807cce24a,文泉,2020-08-11 18:14:21,,,,BB
145,6,1,1,,dc3891fb229145bf9f82741807cce24a,文泉,2020-08-11 18:14:21,,,,BB
146,6,1,1,,dc3891fb229145bf9f82741807cce24a,文泉,2020-08-11 18:14:21,,,,BB
147,6,1,1,,dc3891fb229145bf9f82741807cce24a,文泉,2020-08-11 18:14:21,,,,BB
148,6,1,1,,dc3891fb229145bf9f82741807cce24a,文泉,2020-08-11 18:14:21,,,,BB
149,6,1,1,,dc3891fb229145bf9f82741807cce24a,文泉,2020-08-11 18:14:21,,,,BB
150,6,1,1,,dc3891fb229145bf9f82741807cce24a,文泉,2020-08-11 18:14:21,,,,BB
151,6,1,1,,dc3891fb229145bf9f82741807cce24a,文泉,2020-08-11 18:14:21,,,,BB
152,6,1,1,,dc3891fb229145bf9f82741807cce24a,文泉,2020-08-11 18:14:21,,,,BB
153,6,1,1,,dc3891fb229145bf9f82741807cce24a,文泉,2020-08-11 18:14:21,,,,BB
154,6,1,1,,dc3891fb229145bf9f82741807cce24a,文泉,2020-08-11 18:14:21,,,,BB
155,6,1,1,,dc3891fb229145bf9f82741807cce24a,文泉,2020-08-11 18:14:21,,,,BB
156,6,1,1,,dc3891fb229145bf9f82741807cce24a,文泉,2020-08-11 18:14:21,,,,BB
157,6,1,1,,dc3891fb229145bf9f82741807cce24a,文泉,2020-08-11 18:14:21,,,,BB
158,6,1,1,,dc3891fb229145bf9f82741807cce24a,文泉,2020-08-11 18:14:21,,,,BB
159,6,1,1,,dc3891fb229145bf9f82741807cce24a,文泉,2020-08-11 18:14:21,,,,BB
160,6,1,1,,dc3891fb229145bf9f82741807cce24a,文泉,2020-08-11 18:14:21,,,,BB
161,6,1,1,,dc3891fb229145bf9f82741807cce24a,文泉,2020-08-11 18:14:21,,,,BB
162,6,1,1,,dc3891fb229145bf9f82741807cce24a,文泉,2020-08-11 18:14:21,,,,BB
163,6,1,1,,dc3891fb229145bf9f82741807cce24a,文泉,2020-08-11 18:14:21,,,,BB
164,6,1,1,,dc3891fb229145bf9f82741807cce24a,文泉,2020-08-11 18:14:21,,,,BB
165,6,1,1,,dc3891fb229145bf9f82741807cce24a,文泉,2020-08-11 18:14:21,,,,BB
166,6,1,1,,dc3891fb229145bf9f82741807cce24a,文泉,2020-08-11 18:14:21,,,,BB
167,6,1,1,,dc3891fb229145bf9f82741807cce24a,文泉,2020-08-11 18:14:21,,,,BB
168,6,1,1,,dc3891fb229145bf9f82741807cce24a,文泉,2020-08-11 18:14:21,,,,BB
169,6,1,1,,dc3891fb229145bf9f82741807cce24a,文泉,2020-08-11 18:14:21,,,,BB
170,6,1,1,,dc3891fb229145bf9f82741807cce24a,文泉,2020-08-11 18:14:21,,,,BB
171,6,1,1,,dc3891fb229145bf9f82741807cce24a,文泉,2020-08-11 18:14:21,,,,BB
172,6,1,1,,dc3891fb229145bf9f82741807cce24a,文泉,2020-08-11 18:14:21,,,,BB
173,6,1,1,,dc3891fb229145bf9f82741807cce24a,文泉,2020-08-11 18:14:21,,,,BB
174,6,1,1,,dc3891fb229145bf9f82741807cce24a,文泉,2020-08-11 18:14:21,,,,BB
175,6,1,1,,dc3891fb229145bf9f82741807cce24a,文泉,2020-08-11 18:14:21,,,,BB
176,6,1,1,,dc3891fb229145bf9f82741807cce24a,文泉,2020-08-11 18:14:21,,,,BB
177,6,1,1,,dc3891fb229145bf9f82741807cce24a,文泉,2020-08-11 18:14:21,,,,BB
178,6,1,1,,dc3891fb229145bf9f82741807cce24a,文泉,2020-08-11 18:14:21,,,,BB
179,6,1,1,,dc3891fb229145bf9f82741807cce24a,文泉,2020-08-11 18:14:21,,,,BB
180,6,1,1,,dc3891fb229145bf9f82741807cce24a,文泉,2020-08-11 18:14:21,,,,BB
181,6,1,1,,dc3891fb229145bf9f82741807cce24a,文泉,2020-08-11 18:14:21,,,,BB
182,6,1,1,,dc3891fb229145bf9f82741807cce24a,文泉,2020-08-11 18:14:21,,,,BB
183,6,1,1,,dc3891fb229145bf9f82741807cce24a,文泉,2020-08-11 18:14:21,,,,BB
184,6,1,1,,dc3891fb229145bf9f82741807cce24a,文泉,2020-08-11 18:14:21,,,,BB
185,6,1,1,,dc3891fb229145bf9f82741807cce24a,文泉,2020-08-11 18:14:21,,,,BB
186,6,1,1,,dc3891fb229145bf9f82741807cce24a,文泉,2020-08-11 18:14:21,,,,BB
187,6,1,1,,dc3891fb229145bf9f82741807cce24a,文泉,2020-08-11 18:14:21,,,,BB
188,6,1,1,,dc3891fb229145bf9f82741807cce24a,文泉,2020-08-11 18:14:21,,,,BB
189,6,1,1,,dc3891fb229145bf9f82741807cce24a,文泉,2020-08-11 18:14:21,,,,BB
190,6,1,1,,dc3891fb229145bf9f82741807cce24a,文泉,2020-08-11 18:14:21,,,,BB
191,6,1,1,,dc3891fb229145bf9f82741807cce24a,文泉,2020-08-11 18:14:21,,,,BB
192,6,1,1,,dc3891fb229145bf9f82741807cce24a,文泉,2020-08-11 18:14:21,,,,BB
193,6,1,1,,dc3891fb229145bf9f82741807cce24a,文泉,2020-08-11 18:14:21,,,,BB
194,6,1,1,,dc3891fb229145bf9f82741807cce24a,文泉,2020-08-11 18:14:21,,,,BB
195,6,1,1,,dc3891fb229145bf9f82741807cce24a,文泉,2020-08-11 18:14:21,,,,BB
196,6,1,1,,dc3891fb229145bf9f82741807cce24a,文泉,2020-08-11 18:14:21,,,,BB
197,6,1,1,,dc3891fb229145bf9f82741807cce24a,文泉,2020-08-11 18:14:21,,,,BB
198,6,1,1,,dc3891fb229145bf9f82741807cce24a,文泉,2020-08-11 18:14:21,,,,BB
199,6,1,1,,dc3891fb229145bf9f82741807cce24a,文泉,2020-08-11 18:14:21,,,,BB
200,6,1,1,,dc3891fb229145bf9f82741807cce24a,文泉,2020-08-11 18:14:21,,,,BB
201,6,,1,,dc3891fb229145bf9f82741807cce24a,文泉,2020-08-11 18:16:51,,,,BB
202,6,,1,,dc3891fb229145bf9f82741807cce24a,文泉,2020-08-11 18:16:51,,,,BB
203,6,,1,,dc3891fb229145bf9f82741807cce24a,文泉,2020-08-11 18:16:51,,,,BB
204,6,,1,,dc3891fb229145bf9f82741807cce24a,文泉,2020-08-11 18:16:51,,,,BB
205,6,,1,,dc3891fb229145bf9f82741807cce24a,文泉,2020-08-11 18:16:51,,,,BB
206,6,,1,,dc3891fb229145bf9f82741807cce24a,文泉,2020-08-11 18:16:51,,,,BB
207,6,,1,,dc3891fb229145bf9f82741807cce24a,文泉,2020-08-11 18:16:51,,,,BB
208,6,,1,,dc3891fb229145bf9f82741807cce24a,文泉,2020-08-11 18:16:51,,,,BB
209,6,,1,,dc3891fb229145bf9f82741807cce24a,文泉,2020-08-11 18:16:51,,,,BB
210,6,,1,,dc3891fb229145bf9f82741807cce24a,文泉,2020-08-11 18:16:51,,,,BB
211,6,,1,,dc3891fb229145bf9f82741807cce24a,文泉,2020-08-11 18:16:51,,,,BB
212,6,,1,,dc3891fb229145bf9f82741807cce24a,文泉,2020-08-11 18:16:51,,,,BB
213,6,,1,,dc3891fb229145bf9f82741807cce24a,文泉,2020-08-11 18:16:51,,,,BB
214,6,,1,,dc3891fb229145bf9f82741807cce24a,文泉,2020-08-11 18:16:51,,,,BB
215,6,,1,,dc3891fb229145bf9f82741807cce24a,文泉,2020-08-11 18:16:51,,,,BB
216,6,,1,,dc3891fb229145bf9f82741807cce24a,文泉,2020-08-11 18:16:51,,,,BB
217,6,,1,,dc3891fb229145bf9f82741807cce24a,文泉,2020-08-11 18:16:51,,,,BB
218,6,,1,,dc3891fb229145bf9f82741807cce24a,文泉,2020-08-11 18:16:51,,,,BB
219,6,,1,,dc3891fb229145bf9f82741807cce24a,文泉,2020-08-11 18:16:51,,,,BB
220,6,,1,,dc3891fb229145bf9f82741807cce24a,文泉,2020-08-11 18:16:51,,,,BB
221,6,,1,,dc3891fb229145bf9f82741807cce24a,文泉,2020-08-11 18:16:51,,,,BB
222,6,,1,,dc3891fb229145bf9f82741807cce24a,文泉,2020-08-11 18:16:51,,,,BB
223,6,,1,,dc3891fb229145bf9f82741807cce24a,文泉,2020-08-11 18:16:51,,,,BB
224,6,,1,,dc3891fb229145bf9f82741807cce24a,文泉,2020-08-11 18:16:51,,,,BB
225,6,,1,,dc3891fb229145bf9f82741807cce24a,文泉,2020-08-11 18:16:51,,,,BB
226,6,,1,,dc3891fb229145bf9f82741807cce24a,文泉,2020-08-11 18:16:51,,,,BB
227,6,,1,,dc3891fb229145bf9f82741807cce24a,文泉,2020-08-11 18:16:51,,,,BB
228,6,,1,,dc3891fb229145bf9f82741807cce24a,文泉,2020-08-11 18:16:51,,,,BB
229,6,,1,,dc3891fb229145bf9f82741807cce24a,文泉,2020-08-11 18:16:51,,,,BB
230,6,,1,,dc3891fb229145bf9f82741807cce24a,文泉,2020-08-11 18:16:51,,,,BB
231,6,,1,,dc3891fb229145bf9f82741807cce24a,文泉,2020-08-11 18:16:51,,,,BB
232,6,,1,,dc3891fb229145bf9f82741807cce24a,文泉,2020-08-11 18:16:51,,,,BB
233,6,,1,,dc3891fb229145bf9f82741807cce24a,文泉,2020-08-11 18:16:51,,,,BB
234,6,,1,,dc3891fb229145bf9f82741807cce24a,文泉,2020-08-11 18:16:51,,,,BB
235,6,,1,,dc3891fb229145bf9f82741807cce24a,文泉,2020-08-11 18:16:51,,,,BB
236,6,,1,,dc3891fb229145bf9f82741807cce24a,文泉,2020-08-11 18:16:51,,,,BB
237,6,,1,,dc3891fb229145bf9f82741807cce24a,文泉,2020-08-11 18:16:51,,,,BB
238,6,,1,,dc3891fb229145bf9f82741807cce24a,文泉,2020-08-11 18:16:51,,,,BB
239,6,,1,,dc3891fb229145bf9f82741807cce24a,文泉,2020-08-11 18:16:51,,,,BB
240,6,,1,,dc3891fb229145bf9f82741807cce24a,文泉,2020-08-11 18:16:51,,,,BB
241,6,,1,,dc3891fb229145bf9f82741807cce24a,文泉,2020-08-11 18:16:51,,,,BB
242,6,,1,,dc3891fb229145bf9f82741807cce24a,文泉,2020-08-11 18:16:51,,,,BB
243,6,,1,,dc3891fb229145bf9f82741807cce24a,文泉,2020-08-11 18:16:51,,,,BB
244,6,,1,,dc3891fb229145bf9f82741807cce24a,文泉,2020-08-11 18:16:51,,,,BB
245,6,,1,,dc3891fb229145bf9f82741807cce24a,文泉,2020-08-11 18:16:51,,,,BB
246,6,,1,,dc3891fb229145bf9f82741807cce24a,文泉,2020-08-11 18:16:51,,,,BB
247,6,,1,,dc3891fb229145bf9f82741807cce24a,文泉,2020-08-11 18:16:51,,,,BB
248,6,,1,,dc3891fb229145bf9f82741807cce24a,文泉,2020-08-11 18:16:51,,,,BB
249,6,,1,,dc3891fb229145bf9f82741807cce24a,文泉,2020-08-11 18:16:51,,,,BB
250,6,,1,,dc3891fb229145bf9f82741807cce24a,文泉,2020-08-11 18:16:51,,,,BB
251,6,,1,,dc3891fb229145bf9f82741807cce24a,文泉,2020-08-11 18:16:51,,,,BB
252,6,,1,,dc3891fb229145bf9f82741807cce24a,文泉,2020-08-11 18:16:51,,,,BB
253,6,,1,,dc3891fb229145bf9f82741807cce24a,文泉,2020-08-11 18:16:51,,,,BB
254,6,,1,,dc3891fb229145bf9f82741807cce24a,文泉,2020-08-11 18:16:51,,,,BB
255,6,,1,,dc3891fb229145bf9f82741807cce24a,文泉,2020-08-11 18:16:51,,,,BB
256,6,,1,,dc3891fb229145bf9f82741807cce24a,文泉,2020-08-11 18:16:51,,,,BB
257,6,,1,,dc3891fb229145bf9f82741807cce24a,文泉,2020-08-11 18:16:51,,,,BB
258,6,,1,,dc3891fb229145bf9f82741807cce24a,文泉,2020-08-11 18:16:51,,,,BB
259,6,,1,,dc3891fb229145bf9f82741807cce24a,文泉,2020-08-11 18:16:51,,,,BB
260,6,,1,,dc3891fb229145bf9f82741807cce24a,文泉,2020-08-11 18:16:51,,,,BB
261,6,,1,,dc3891fb229145bf9f82741807cce24a,文泉,2020-08-11 18:16:51,,,,BB
262,6,,1,,dc3891fb229145bf9f82741807cce24a,文泉,2020-08-11 18:16:51,,,,BB
263,6,,1,,dc3891fb229145bf9f82741807cce24a,文泉,2020-08-11 18:16:51,,,,BB
264,6,,1,,dc3891fb229145bf9f82741807cce24a,文泉,2020-08-11 18:16:51,,,,BB
265,6,,1,,dc3891fb229145bf9f82741807cce24a,文泉,2020-08-11 18:16:51,,,,BB
266,6,,1,,dc3891fb229145bf9f82741807cce24a,文泉,2020-08-11 18:16:51,,,,BB
267,6,,1,,dc3891fb229145bf9f82741807cce24a,文泉,2020-08-11 18:16:51,,,,BB
268,6,,1,,dc3891fb229145bf9f82741807cce24a,文泉,2020-08-11 18:16:51,,,,BB
269,6,,1,,dc3891fb229145bf9f82741807cce24a,文泉,2020-08-11 18:16:51,,,,BB
270,6,,1,,dc3891fb229145bf9f82741807cce24a,文泉,2020-08-11 18:16:51,,,,BB
271,6,,1,,dc3891fb229145bf9f82741807cce24a,文泉,2020-08-11 18:16:51,,,,BB
272,6,,1,,dc3891fb229145bf9f82741807cce24a,文泉,2020-08-11 18:16:51,,,,BB
273,6,,1,,dc3891fb229145bf9f82741807cce24a,文泉,2020-08-11 18:16:51,,,,BB
274,6,,1,,dc3891fb229145bf9f82741807cce24a,文泉,2020-08-11 18:16:51,,,,BB
275,6,,1,,dc3891fb229145bf9f82741807cce24a,文泉,2020-08-11 18:16:51,,,,BB
276,6,,1,,dc3891fb229145bf9f82741807cce24a,文泉,2020-08-11 18:16:51,,,,BB
277,6,,1,,dc3891fb229145bf9f82741807cce24a,文泉,2020-08-11 18:16:51,,,,BB
278,6,,1,,dc3891fb229145bf9f82741807cce24a,文泉,2020-08-11 18:16:51,,,,BB
279,6,,1,,dc3891fb229145bf9f82741807cce24a,文泉,2020-08-11 18:16:51,,,,BB
280,6,,1,,dc3891fb229145bf9f82741807cce24a,文泉,2020-08-11 18:16:51,,,,BB
281,6,,1,,dc3891fb229145bf9f82741807cce24a,文泉,2020-08-11 18:16:51,,,,BB
282,6,,1,,dc3891fb229145bf9f82741807cce24a,文泉,2020-08-11 18:16:51,,,,BB
283,6,,1,,dc3891fb229145bf9f82741807cce24a,文泉,2020-08-11 18:16:51,,,,BB
284,6,,1,,dc3891fb229145bf9f82741807cce24a,文泉,2020-08-11 18:16:51,,,,BB
285,6,,1,,dc3891fb229145bf9f82741807cce24a,文泉,2020-08-11 18:16:51,,,,BB
286,6,,1,,dc3891fb229145bf9f82741807cce24a,文泉,2020-08-11 18:16:51,,,,BB
287,6,,1,,dc3891fb229145bf9f82741807cce24a,文泉,2020-08-11 18:16:51,,,,BB
288,6,,1,,dc3891fb229145bf9f82741807cce24a,文泉,2020-08-11 18:16:51,,,,BB
289,6,,1,,dc3891fb229145bf9f82741807cce24a,文泉,2020-08-11 18:16:51,,,,BB
290,6,,1,,dc3891fb229145bf9f82741807cce24a,文泉,2020-08-11 18:16:51,,,,BB
291,6,,1,,dc3891fb229145bf9f82741807cce24a,文泉,2020-08-11 18:16:51,,,,BB
292,6,,1,,dc3891fb229145bf9f82741807cce24a,文泉,2020-08-11 18:16:51,,,,BB
293,6,,1,,dc3891fb229145bf9f82741807cce24a,文泉,2020-08-11 18:16:51,,,,BB
294,6,,1,,dc3891fb229145bf9f82741807cce24a,文泉,2020-08-11 18:16:51,,,,BB
295,6,,1,,dc3891fb229145bf9f82741807cce24a,文泉,2020-08-11 18:16:51,,,,BB
296,6,,1,,dc3891fb229145bf9f82741807cce24a,文泉,2020-08-11 18:16:51,,,,BB
297,6,,1,,dc3891fb229145bf9f82741807cce24a,文泉,2020-08-11 18:16:51,,,,BB
298,6,,1,,dc3891fb229145bf9f82741807cce24a,文泉,2020-08-11 18:16:51,,,,BB
299,6,,1,,dc3891fb229145bf9f82741807cce24a,文泉,2020-08-11 18:16:51,,,,BB
300,6,,1,,dc3891fb229145bf9f82741807cce24a,文泉,2020-08-11 18:16:51,,,,BB
301,6,1,1,,dc3891fb229145bf9f82741807cce24a,文泉,2020-08-11 18:26:03,,,,BB
302,6,1,1,,dc3891fb229145bf9f82741807cce24a,文泉,2020-08-11 18:26:03,,,,BB
303,6,1,1,,dc3891fb229145bf9f82741807cce24a,文泉,2020-08-11 18:26:03,,,,BB
304,6,1,1,,dc3891fb229145bf9f82741807cce24a,文泉,2020-08-11 18:26:03,,,,BB
305,6,1,1,,dc3891fb229145bf9f82741807cce24a,文泉,2020-08-11 18:26:03,,,,BB
306,6,1,1,,dc3891fb229145bf9f82741807cce24a,文泉,2020-08-11 18:26:03,,,,BB
307,6,1,1,,dc3891fb229145bf9f82741807cce24a,文泉,2020-08-11 18:26:03,,,,BB
308,6,1,1,,dc3891fb229145bf9f82741807cce24a,文泉,2020-08-11 18:26:03,,,,BB
309,6,1,1,,dc3891fb229145bf9f82741807cce24a,文泉,2020-08-11 18:26:03,,,,BB
310,6,1,1,,dc3891fb229145bf9f82741807cce24a,文泉,2020-08-11 18:26:03,,,,BB
311,6,1,1,,dc3891fb229145bf9f82741807cce24a,文泉,2020-08-11 18:26:03,,,,BB
312,6,1,1,,dc3891fb229145bf9f82741807cce24a,文泉,2020-08-11 18:26:03,,,,BB
313,6,1,1,,dc3891fb229145bf9f82741807cce24a,文泉,2020-08-11 18:26:03,,,,BB
314,6,1,1,,dc3891fb229145bf9f82741807cce24a,文泉,2020-08-11 18:26:03,,,,BB
315,6,1,1,,dc3891fb229145bf9f82741807cce24a,文泉,2020-08-11 18:26:03,,,,BB
316,6,1,1,,dc3891fb229145bf9f82741807cce24a,文泉,2020-08-11 18:26:03,,,,BB
317,6,1,1,,dc3891fb229145bf9f82741807cce24a,文泉,2020-08-11 18:26:03,,,,BB
318,6,1,1,,dc3891fb229145bf9f82741807cce24a,文泉,2020-08-11 18:26:03,,,,BB
319,6,1,1,,dc3891fb229145bf9f82741807cce24a,文泉,2020-08-11 18:26:03,,,,BB
320,6,1,1,,dc3891fb229145bf9f82741807cce24a,文泉,2020-08-11 18:26:03,,,,BB
321,6,1,1,,dc3891fb229145bf9f82741807cce24a,文泉,2020-08-11 18:26:03,,,,BB
322,6,1,1,,dc3891fb229145bf9f82741807cce24a,文泉,2020-08-11 18:26:03,,,,BB
323,6,1,1,,dc3891fb229145bf9f82741807cce24a,文泉,2020-08-11 18:26:03,,,,BB
324,6,1,1,,dc3891fb229145bf9f82741807cce24a,文泉,2020-08-11 18:26:03,,,,BB
325,6,1,1,,dc3891fb229145bf9f82741807cce24a,文泉,2020-08-11 18:26:03,,,,BB
326,6,1,1,,dc3891fb229145bf9f82741807cce24a,文泉,2020-08-11 18:26:03,,,,BB
327,6,1,1,,dc3891fb229145bf9f82741807cce24a,文泉,2020-08-11 18:26:03,,,,BB
328,6,1,1,,dc3891fb229145bf9f82741807cce24a,文泉,2020-08-11 18:26:03,,,,BB
329,6,1,1,,dc3891fb229145bf9f82741807cce24a,文泉,2020-08-11 18:26:03,,,,BB
330,6,1,1,,dc3891fb229145bf9f82741807cce24a,文泉,2020-08-11 18:26:03,,,,BB
331,6,1,1,,dc3891fb229145bf9f82741807cce24a,文泉,2020-08-11 18:26:03,,,,BB
332,6,1,1,,dc3891fb229145bf9f82741807cce24a,文泉,2020-08-11 18:26:03,,,,BB
333,6,1,1,,dc3891fb229145bf9f82741807cce24a,文泉,2020-08-11 18:26:03,,,,BB
334,6,1,1,,dc3891fb229145bf9f82741807cce24a,文泉,2020-08-11 18:26:03,,,,BB
335,6,1,1,,dc3891fb229145bf9f82741807cce24a,文泉,2020-08-11 18:26:03,,,,BB
336,6,1,1,,dc3891fb229145bf9f82741807cce24a,文泉,2020-08-11 18:26:03,,,,BB
337,6,1,1,,dc3891fb229145bf9f82741807cce24a,文泉,2020-08-11 18:26:03,,,,BB
338,6,1,1,,dc3891fb229145bf9f82741807cce24a,文泉,2020-08-11 18:26:03,,,,BB
339,6,1,1,,dc3891fb229145bf9f82741807cce24a,文泉,2020-08-11 18:26:03,,,,BB
340,6,1,1,,dc3891fb229145bf9f82741807cce24a,文泉,2020-08-11 18:26:03,,,,BB
341,6,1,1,,dc3891fb229145bf9f82741807cce24a,文泉,2020-08-11 18:26:03,,,,BB
342,6,1,1,,dc3891fb229145bf9f82741807cce24a,文泉,2020-08-11 18:26:03,,,,BB
343,6,1,1,,dc3891fb229145bf9f82741807cce24a,文泉,2020-08-11 18:26:03,,,,BB
344,6,1,1,,dc3891fb229145bf9f82741807cce24a,文泉,2020-08-11 18:26:03,,,,BB
345,6,1,1,,dc3891fb229145bf9f82741807cce24a,文泉,2020-08-11 18:26:03,,,,BB
346,6,1,1,,dc3891fb229145bf9f82741807cce24a,文泉,2020-08-11 18:26:03,,,,BB
347,6,1,1,,dc3891fb229145bf9f82741807cce24a,文泉,2020-08-11 18:26:03,,,,BB
348,6,1,1,,dc3891fb229145bf9f82741807cce24a,文泉,2020-08-11 18:26:03,,,,BB
349,6,1,1,,dc3891fb229145bf9f82741807cce24a,文泉,2020-08-11 18:26:03,,,,BB
350,6,1,1,,dc3891fb229145bf9f82741807cce24a,文泉,2020-08-11 18:26:03,,,,BB
351,6,1,1,,dc3891fb229145bf9f82741807cce24a,文泉,2020-08-11 18:26:03,,,,BB
352,6,1,1,,dc3891fb229145bf9f82741807cce24a,文泉,2020-08-11 18:26:03,,,,BB
353,6,1,1,,dc3891fb229145bf9f82741807cce24a,文泉,2020-08-11 18:26:03,,,,BB
354,6,1,1,,dc3891fb229145bf9f82741807cce24a,文泉,2020-08-11 18:26:03,,,,BB
355,6,1,1,,dc3891fb229145bf9f82741807cce24a,文泉,2020-08-11 18:26:03,,,,BB
356,6,1,1,,dc3891fb229145bf9f82741807cce24a,文泉,2020-08-11 18:26:03,,,,BB
357,6,1,1,,dc3891fb229145bf9f82741807cce24a,文泉,2020-08-11 18:26:03,,,,BB
358,6,1,1,,dc3891fb229145bf9f82741807cce24a,文泉,2020-08-11 18:26:03,,,,BB
359,6,1,1,,dc3891fb229145bf9f82741807cce24a,文泉,2020-08-11 18:26:03,,,,BB
360,6,1,1,,dc3891fb229145bf9f82741807cce24a,文泉,2020-08-11 18:26:03,,,,BB
361,6,1,1,,dc3891fb229145bf9f82741807cce24a,文泉,2020-08-11 18:26:03,,,,BB
362,6,1,1,,dc3891fb229145bf9f82741807cce24a,文泉,2020-08-11 18:26:03,,,,BB
363,6,1,1,,dc3891fb229145bf9f82741807cce24a,文泉,2020-08-11 18:26:03,,,,BB
364,6,1,1,,dc3891fb229145bf9f82741807cce24a,文泉,2020-08-11 18:26:03,,,,BB
365,6,1,1,,dc3891fb229145bf9f82741807cce24a,文泉,2020-08-11 18:26:03,,,,BB
366,6,1,1,,dc3891fb229145bf9f82741807cce24a,文泉,2020-08-11 18:26:03,,,,BB
367,6,1,1,,dc3891fb229145bf9f82741807cce24a,文泉,2020-08-11 18:26:03,,,,BB
368,6,1,1,,dc3891fb229145bf9f82741807cce24a,文泉,2020-08-11 18:26:03,,,,BB
369,6,1,1,,dc3891fb229145bf9f82741807cce24a,文泉,2020-08-11 18:26:03,,,,BB
370,6,1,1,,dc3891fb229145bf9f82741807cce24a,文泉,2020-08-11 18:26:03,,,,BB
371,6,1,1,,dc3891fb229145bf9f82741807cce24a,文泉,2020-08-11 18:26:03,,,,BB
372,6,1,1,,dc3891fb229145bf9f82741807cce24a,文泉,2020-08-11 18:26:03,,,,BB
373,6,1,1,,dc3891fb229145bf9f82741807cce24a,文泉,2020-08-11 18:26:03,,,,BB
374,6,1,1,,dc3891fb229145bf9f82741807cce24a,文泉,2020-08-11 18:26:03,,,,BB
375,6,1,1,,dc3891fb229145bf9f82741807cce24a,文泉,2020-08-11 18:26:03,,,,BB
376,6,1,1,,dc3891fb229145bf9f82741807cce24a,文泉,2020-08-11 18:26:03,,,,BB
377,6,1,1,,dc3891fb229145bf9f82741807cce24a,文泉,2020-08-11 18:26:03,,,,BB
378,6,1,1,,dc3891fb229145bf9f82741807cce24a,文泉,2020-08-11 18:26:03,,,,BB
379,6,1,1,,dc3891fb229145bf9f82741807cce24a,文泉,2020-08-11 18:26:03,,,,BB
380,6,1,1,,dc3891fb229145bf9f82741807cce24a,文泉,2020-08-11 18:26:03,,,,BB
381,6,1,1,,dc3891fb229145bf9f82741807cce24a,文泉,2020-08-11 18:26:03,,,,BB
382,6,1,1,,dc3891fb229145bf9f82741807cce24a,文泉,2020-08-11 18:26:03,,,,BB
383,6,1,1,,dc3891fb229145bf9f82741807cce24a,文泉,2020-08-11 18:26:03,,,,BB
384,6,1,1,,dc3891fb229145bf9f82741807cce24a,文泉,2020-08-11 18:26:03,,,,BB
385,6,1,1,,dc3891fb229145bf9f82741807cce24a,文泉,2020-08-11 18:26:03,,,,BB
386,6,1,1,,dc3891fb229145bf9f82741807cce24a,文泉,2020-08-11 18:26:03,,,,BB
387,6,1,1,,dc3891fb229145bf9f82741807cce24a,文泉,2020-08-11 18:26:03,,,,BB
388,6,1,1,,dc3891fb229145bf9f82741807cce24a,文泉,2020-08-11 18:26:03,,,,BB
389,6,1,1,,dc3891fb229145bf9f82741807cce24a,文泉,2020-08-11 18:26:03,,,,BB
390,6,1,1,,dc3891fb229145bf9f82741807cce24a,文泉,2020-08-11 18:26:03,,,,BB
391,6,1,1,,dc3891fb229145bf9f82741807cce24a,文泉,2020-08-11 18:26:03,,,,BB
392,6,1,1,,dc3891fb229145bf9f82741807cce24a,文泉,2020-08-11 18:26:03,,,,BB
393,6,1,1,,dc3891fb229145bf9f82741807cce24a,文泉,2020-08-11 18:26:03,,,,BB
394,6,1,1,,dc3891fb229145bf9f82741807cce24a,文泉,2020-08-11 18:26:03,,,,BB
395,6,1,1,,dc3891fb229145bf9f82741807cce24a,文泉,2020-08-11 18:26:03,,,,BB
396,6,1,1,,dc3891fb229145bf9f82741807cce24a,文泉,2020-08-11 18:26:03,,,,BB
397,6,1,1,,dc3891fb229145bf9f82741807cce24a,文泉,2020-08-11 18:26:03,,,,BB
398,6,1,1,,dc3891fb229145bf9f82741807cce24a,文泉,2020-08-11 18:26:03,,,,BB
399,6,1,1,,dc3891fb229145bf9f82741807cce24a,文泉,2020-08-11 18:26:03,,,,BB
400,6,1,1,,dc3891fb229145bf9f82741807cce24a,文泉,2020-08-11 18:26:03,,,,BB
401,6,,1,,dc3891fb229145bf9f82741807cce24a,文泉,2020-08-11 18:37:56,,,,BB
402,6,,1,,dc3891fb229145bf9f82741807cce24a,文泉,2020-08-11 18:37:56,,,,BB
403,6,,1,,dc3891fb229145bf9f82741807cce24a,文泉,2020-08-11 18:37:56,,,,BB
404,6,,1,,dc3891fb229145bf9f82741807cce24a,文泉,2020-08-11 18:37:56,,,,BB
405,6,,1,,dc3891fb229145bf9f82741807cce24a,文泉,2020-08-11 18:37:56,,,,BB
406,6,,1,,dc3891fb229145bf9f82741807cce24a,文泉,2020-08-11 18:37:56,,,,BB
407,6,,1,,dc3891fb229145bf9f82741807cce24a,文泉,2020-08-11 18:37:56,,,,BB
408,6,,1,,dc3891fb229145bf9f82741807cce24a,文泉,2020-08-11 18:37:56,,,,BB
409,6,,1,,dc3891fb229145bf9f82741807cce24a,文泉,2020-08-11 18:37:56,,,,BB
410,6,,1,,dc3891fb229145bf9f82741807cce24a,文泉,2020-08-11 18:37:56,,,,BB
411,6,,1,,dc3891fb229145bf9f82741807cce24a,文泉,2020-08-11 18:37:56,,,,BB
412,6,,1,,dc3891fb229145bf9f82741807cce24a,文泉,2020-08-11 18:37:56,,,,BB
413,6,,1,,dc3891fb229145bf9f82741807cce24a,文泉,2020-08-11 18:37:56,,,,BB
414,6,,1,,dc3891fb229145bf9f82741807cce24a,文泉,2020-08-11 18:37:56,,,,BB
415,6,,1,,dc3891fb229145bf9f82741807cce24a,文泉,2020-08-11 18:37:56,,,,BB
416,6,,1,,dc3891fb229145bf9f82741807cce24a,文泉,2020-08-11 18:37:56,,,,BB
417,6,,1,,dc3891fb229145bf9f82741807cce24a,文泉,2020-08-11 18:37:56,,,,BB
418,6,,1,,dc3891fb229145bf9f82741807cce24a,文泉,2020-08-11 18:37:56,,,,BB
419,6,,1,,dc3891fb229145bf9f82741807cce24a,文泉,2020-08-11 18:37:56,,,,BB
420,6,,1,,dc3891fb229145bf9f82741807cce24a,文泉,2020-08-11 18:37:56,,,,BB
421,6,,1,,dc3891fb229145bf9f82741807cce24a,文泉,2020-08-11 18:37:56,,,,BB
422,6,,1,,dc3891fb229145bf9f82741807cce24a,文泉,2020-08-11 18:37:56,,,,BB
423,6,,1,,dc3891fb229145bf9f82741807cce24a,文泉,2020-08-11 18:37:56,,,,BB
424,6,,1,,dc3891fb229145bf9f82741807cce24a,文泉,2020-08-11 18:37:56,,,,BB
425,6,,1,,dc3891fb229145bf9f82741807cce24a,文泉,2020-08-11 18:37:56,,,,BB
426,6,,1,,dc3891fb229145bf9f82741807cce24a,文泉,2020-08-11 18:37:56,,,,BB
427,6,,1,,dc3891fb229145bf9f82741807cce24a,文泉,2020-08-11 18:37:56,,,,BB
428,6,,1,,dc3891fb229145bf9f82741807cce24a,文泉,2020-08-11 18:37:56,,,,BB
429,6,,1,,dc3891fb229145bf9f82741807cce24a,文泉,2020-08-11 18:37:56,,,,BB
430,6,,1,,dc3891fb229145bf9f82741807cce24a,文泉,2020-08-11 18:37:56,,,,BB
431,6,,1,,dc3891fb229145bf9f82741807cce24a,文泉,2020-08-11 18:37:56,,,,BB
432,6,,1,,dc3891fb229145bf9f82741807cce24a,文泉,2020-08-11 18:37:56,,,,BB
433,6,,1,,dc3891fb229145bf9f82741807cce24a,文泉,2020-08-11 18:37:56,,,,BB
434,6,,1,,dc3891fb229145bf9f82741807cce24a,文泉,2020-08-11 18:37:56,,,,BB
435,6,,1,,dc3891fb229145bf9f82741807cce24a,文泉,2020-08-11 18:37:56,,,,BB
436,6,,1,,dc3891fb229145bf9f82741807cce24a,文泉,2020-08-11 18:37:56,,,,BB
437,6,,1,,dc3891fb229145bf9f82741807cce24a,文泉,2020-08-11 18:37:56,,,,BB
438,6,,1,,dc3891fb229145bf9f82741807cce24a,文泉,2020-08-11 18:37:56,,,,BB
439,6,,1,,dc3891fb229145bf9f82741807cce24a,文泉,2020-08-11 18:37:56,,,,BB
440,6,,1,,dc3891fb229145bf9f82741807cce24a,文泉,2020-08-11 18:37:56,,,,BB
441,6,,1,,dc3891fb229145bf9f82741807cce24a,文泉,2020-08-11 18:37:56,,,,BB
442,6,,1,,dc3891fb229145bf9f82741807cce24a,文泉,2020-08-11 18:37:56,,,,BB
443,6,,1,,dc3891fb229145bf9f82741807cce24a,文泉,2020-08-11 18:37:56,,,,BB
444,6,,1,,dc3891fb229145bf9f82741807cce24a,文泉,2020-08-11 18:37:56,,,,BB
445,6,,1,,dc3891fb229145bf9f82741807cce24a,文泉,2020-08-11 18:37:56,,,,BB
446,6,,1,,dc3891fb229145bf9f82741807cce24a,文泉,2020-08-11 18:37:56,,,,BB
447,6,,1,,dc3891fb229145bf9f82741807cce24a,文泉,2020-08-11 18:37:56,,,,BB
448,6,,1,,dc3891fb229145bf9f82741807cce24a,文泉,2020-08-11 18:37:56,,,,BB
449,6,,1,,dc3891fb229145bf9f82741807cce24a,文泉,2020-08-11 18:37:56,,,,BB
450,6,,1,,dc3891fb229145bf9f82741807cce24a,文泉,2020-08-11 18:37:56,,,,BB
451,6,,1,,dc3891fb229145bf9f82741807cce24a,文泉,2020-08-11 18:37:56,,,,BB
452,6,,1,,dc3891fb229145bf9f82741807cce24a,文泉,2020-08-11 18:37:56,,,,BB
453,6,,1,,dc3891fb229145bf9f82741807cce24a,文泉,2020-08-11 18:37:56,,,,BB
454,6,,1,,dc3891fb229145bf9f82741807cce24a,文泉,2020-08-11 18:37:56,,,,BB
455,6,,1,,dc3891fb229145bf9f82741807cce24a,文泉,2020-08-11 18:37:56,,,,BB
456,6,,1,,dc3891fb229145bf9f82741807cce24a,文泉,2020-08-11 18:37:56,,,,BB
457,6,,1,,dc3891fb229145bf9f82741807cce24a,文泉,2020-08-11 18:37:56,,,,BB
458,6,,1,,dc3891fb229145bf9f82741807cce24a,文泉,2020-08-11 18:37:56,,,,BB
459,6,,1,,dc3891fb229145bf9f82741807cce24a,文泉,2020-08-11 18:37:56,,,,BB
460,6,,1,,dc3891fb229145bf9f82741807cce24a,文泉,2020-08-11 18:37:56,,,,BB
461,6,,1,,dc3891fb229145bf9f82741807cce24a,文泉,2020-08-11 18:37:56,,,,BB
462,6,,1,,dc3891fb229145bf9f82741807cce24a,文泉,2020-08-11 18:37:56,,,,BB
463,6,,1,,dc3891fb229145bf9f82741807cce24a,文泉,2020-08-11 18:37:56,,,,BB
464,6,,1,,dc3891fb229145bf9f82741807cce24a,文泉,2020-08-11 18:37:56,,,,BB
465,6,,1,,dc3891fb229145bf9f82741807cce24a,文泉,2020-08-11 18:37:56,,,,BB
466,6,,1,,dc3891fb229145bf9f82741807cce24a,文泉,2020-08-11 18:37:56,,,,BB
467,6,,1,,dc3891fb229145bf9f82741807cce24a,文泉,2020-08-11 18:37:56,,,,BB
468,6,,1,,dc3891fb229145bf9f82741807cce24a,文泉,2020-08-11 18:37:56,,,,BB
469,6,,1,,dc3891fb229145bf9f82741807cce24a,文泉,2020-08-11 18:37:56,,,,BB
470,6,,1,,dc3891fb229145bf9f82741807cce24a,文泉,2020-08-11 18:37:56,,,,BB
471,6,,1,,dc3891fb229145bf9f82741807cce24a,文泉,2020-08-11 18:37:56,,,,BB
472,6,,1,,dc3891fb229145bf9f82741807cce24a,文泉,2020-08-11 18:37:56,,,,BB
473,6,,1,,dc3891fb229145bf9f82741807cce24a,文泉,2020-08-11 18:37:56,,,,BB
474,6,,1,,dc3891fb229145bf9f82741807cce24a,文泉,2020-08-11 18:37:56,,,,BB
475,6,,1,,dc3891fb229145bf9f82741807cce24a,文泉,2020-08-11 18:37:56,,,,BB
476,6,,1,,dc3891fb229145bf9f82741807cce24a,文泉,2020-08-11 18:37:56,,,,BB
477,6,,1,,dc3891fb229145bf9f82741807cce24a,文泉,2020-08-11 18:37:56,,,,BB
478,6,,1,,dc3891fb229145bf9f82741807cce24a,文泉,2020-08-11 18:37:56,,,,BB
479,6,,1,,dc3891fb229145bf9f82741807cce24a,文泉,2020-08-11 18:37:56,,,,BB
480,6,,1,,dc3891fb229145bf9f82741807cce24a,文泉,2020-08-11 18:37:56,,,,BB
481,6,,1,,dc3891fb229145bf9f82741807cce24a,文泉,2020-08-11 18:37:56,,,,BB
482,6,,1,,dc3891fb229145bf9f82741807cce24a,文泉,2020-08-11 18:37:56,,,,BB
483,6,,1,,dc3891fb229145bf9f82741807cce24a,文泉,2020-08-11 18:37:56,,,,BB
484,6,,1,,dc3891fb229145bf9f82741807cce24a,文泉,2020-08-11 18:37:56,,,,BB
485,6,,1,,dc3891fb229145bf9f82741807cce24a,文泉,2020-08-11 18:37:56,,,,BB
486,6,,1,,dc3891fb229145bf9f82741807cce24a,文泉,2020-08-11 18:37:56,,,,BB
487,6,,1,,dc3891fb229145bf9f82741807cce24a,文泉,2020-08-11 18:37:56,,,,BB
488,6,,1,,dc3891fb229145bf9f82741807cce24a,文泉,2020-08-11 18:37:56,,,,BB
489,6,,1,,dc3891fb229145bf9f82741807cce24a,文泉,2020-08-11 18:37:56,,,,BB
490,6,,1,,dc3891fb229145bf9f82741807cce24a,文泉,2020-08-11 18:37:56,,,,BB
491,6,,1,,dc3891fb229145bf9f82741807cce24a,文泉,2020-08-11 18:37:56,,,,BB
492,6,,1,,dc3891fb229145bf9f82741807cce24a,文泉,2020-08-11 18:37:56,,,,BB
493,6,,1,,dc3891fb229145bf9f82741807cce24a,文泉,2020-08-11 18:37:56,,,,BB
494,6,,1,,dc3891fb229145bf9f82741807cce24a,文泉,2020-08-11 18:37:56,,,,BB
495,6,,1,,dc3891fb229145bf9f82741807cce24a,文泉,2020-08-11 18:37:56,,,,BB
496,6,,1,,dc3891fb229145bf9f82741807cce24a,文泉,2020-08-11 18:37:56,,,,BB
497,6,,1,,dc3891fb229145bf9f82741807cce24a,文泉,2020-08-11 18:37:56,,,,BB
498,6,,1,,dc3891fb229145bf9f82741807cce24a,文泉,2020-08-11 18:37:56,,,,BB
499,6,,1,,dc3891fb229145bf9f82741807cce24a,文泉,2020-08-11 18:37:56,,,,BB
500,6,,1,,dc3891fb229145bf9f82741807cce24a,文泉,2020-08-11 18:37:56,,,,BB
501,6,,1,,dc3891fb229145bf9f82741807cce24a,文泉,2020-08-11 18:39:37,,,,BB
502,6,,1,,dc3891fb229145bf9f82741807cce24a,文泉,2020-08-11 18:39:37,,,,BB
503,6,,1,,dc3891fb229145bf9f82741807cce24a,文泉,2020-08-11 18:39:37,,,,BB
504,6,,1,,dc3891fb229145bf9f82741807cce24a,文泉,2020-08-11 18:39:37,,,,BB
505,6,,1,,dc3891fb229145bf9f82741807cce24a,文泉,2020-08-11 18:39:37,,,,BB
506,6,,1,,dc3891fb229145bf9f82741807cce24a,文泉,2020-08-11 18:39:37,,,,BB
507,6,,1,,dc3891fb229145bf9f82741807cce24a,文泉,2020-08-11 18:39:37,,,,BB
508,6,,1,,dc3891fb229145bf9f82741807cce24a,文泉,2020-08-11 18:39:37,,,,BB
509,6,,1,,dc3891fb229145bf9f82741807cce24a,文泉,2020-08-11 18:39:37,,,,BB
510,6,,1,,dc3891fb229145bf9f82741807cce24a,文泉,2020-08-11 18:39:37,,,,BB
511,6,,1,,dc3891fb229145bf9f82741807cce24a,文泉,2020-08-11 18:39:37,,,,BB
512,6,,1,,dc3891fb229145bf9f82741807cce24a,文泉,2020-08-11 18:39:37,,,,BB
513,6,,1,,dc3891fb229145bf9f82741807cce24a,文泉,2020-08-11 18:39:37,,,,BB
514,6,,1,,dc3891fb229145bf9f82741807cce24a,文泉,2020-08-11 18:39:37,,,,BB
515,6,,1,,dc3891fb229145bf9f82741807cce24a,文泉,2020-08-11 18:39:37,,,,BB
516,6,,1,,dc3891fb229145bf9f82741807cce24a,文泉,2020-08-11 18:39:37,,,,BB
517,6,,1,,dc3891fb229145bf9f82741807cce24a,文泉,2020-08-11 18:39:37,,,,BB
518,6,,1,,dc3891fb229145bf9f82741807cce24a,文泉,2020-08-11 18:39:37,,,,BB
519,6,,1,,dc3891fb229145bf9f82741807cce24a,文泉,2020-08-11 18:39:37,,,,BB
520,6,,1,,dc3891fb229145bf9f82741807cce24a,文泉,2020-08-11 18:39:37,,,,BB
521,6,,1,,dc3891fb229145bf9f82741807cce24a,文泉,2020-08-11 18:39:37,,,,BB
522,6,,1,,dc3891fb229145bf9f82741807cce24a,文泉,2020-08-11 18:39:37,,,,BB
523,6,,1,,dc3891fb229145bf9f82741807cce24a,文泉,2020-08-11 18:39:37,,,,BB
524,6,,1,,dc3891fb229145bf9f82741807cce24a,文泉,2020-08-11 18:39:37,,,,BB
525,6,,1,,dc3891fb229145bf9f82741807cce24a,文泉,2020-08-11 18:39:37,,,,BB
526,6,,1,,dc3891fb229145bf9f82741807cce24a,文泉,2020-08-11 18:39:37,,,,BB
527,6,,1,,dc3891fb229145bf9f82741807cce24a,文泉,2020-08-11 18:39:37,,,,BB
528,6,,1,,dc3891fb229145bf9f82741807cce24a,文泉,2020-08-11 18:39:37,,,,BB
529,6,,1,,dc3891fb229145bf9f82741807cce24a,文泉,2020-08-11 18:39:37,,,,BB
530,6,,1,,dc3891fb229145bf9f82741807cce24a,文泉,2020-08-11 18:39:37,,,,BB
531,6,,1,,dc3891fb229145bf9f82741807cce24a,文泉,2020-08-11 18:39:37,,,,BB
532,6,,1,,dc3891fb229145bf9f82741807cce24a,文泉,2020-08-11 18:39:37,,,,BB
533,6,,1,,dc3891fb229145bf9f82741807cce24a,文泉,2020-08-11 18:39:37,,,,BB
534,6,,1,,dc3891fb229145bf9f82741807cce24a,文泉,2020-08-11 18:39:37,,,,BB
535,6,,1,,dc3891fb229145bf9f82741807cce24a,文泉,2020-08-11 18:39:37,,,,BB
536,6,,1,,dc3891fb229145bf9f82741807cce24a,文泉,2020-08-11 18:39:37,,,,BB
537,6,,1,,dc3891fb229145bf9f82741807cce24a,文泉,2020-08-11 18:39:37,,,,BB
538,6,,1,,dc3891fb229145bf9f82741807cce24a,文泉,2020-08-11 18:39:37,,,,BB
539,6,,1,,dc3891fb229145bf9f82741807cce24a,文泉,2020-08-11 18:39:37,,,,BB
540,6,,1,,dc3891fb229145bf9f82741807cce24a,文泉,2020-08-11 18:39:37,,,,BB
541,6,,1,,dc3891fb229145bf9f82741807cce24a,文泉,2020-08-11 18:39:37,,,,BB
542,6,,1,,dc3891fb229145bf9f82741807cce24a,文泉,2020-08-11 18:39:37,,,,BB
543,6,,1,,dc3891fb229145bf9f82741807cce24a,文泉,2020-08-11 18:39:37,,,,BB
544,6,,1,,dc3891fb229145bf9f82741807cce24a,文泉,2020-08-11 18:39:37,,,,BB
545,6,,1,,dc3891fb229145bf9f82741807cce24a,文泉,2020-08-11 18:39:37,,,,BB
546,6,,1,,dc3891fb229145bf9f82741807cce24a,文泉,2020-08-11 18:39:37,,,,BB
547,6,,1,,dc3891fb229145bf9f82741807cce24a,文泉,2020-08-11 18:39:37,,,,BB
548,6,,1,,dc3891fb229145bf9f82741807cce24a,文泉,2020-08-11 18:39:37,,,,BB
549,6,,1,,dc3891fb229145bf9f82741807cce24a,文泉,2020-08-11 18:39:37,,,,BB
550,6,,1,,dc3891fb229145bf9f82741807cce24a,文泉,2020-08-11 18:39:37,,,,BB
551,6,,1,,dc3891fb229145bf9f82741807cce24a,文泉,2020-08-11 18:39:37,,,,BB
552,6,,1,,dc3891fb229145bf9f82741807cce24a,文泉,2020-08-11 18:39:37,,,,BB
553,6,,1,,dc3891fb229145bf9f82741807cce24a,文泉,2020-08-11 18:39:37,,,,BB
554,6,,1,,dc3891fb229145bf9f82741807cce24a,文泉,2020-08-11 18:39:37,,,,BB
555,6,,1,,dc3891fb229145bf9f82741807cce24a,文泉,2020-08-11 18:39:37,,,,BB
556,6,,1,,dc3891fb229145bf9f82741807cce24a,文泉,2020-08-11 18:39:37,,,,BB
557,6,,1,,dc3891fb229145bf9f82741807cce24a,文泉,2020-08-11 18:39:37,,,,BB
558,6,,1,,dc3891fb229145bf9f82741807cce24a,文泉,2020-08-11 18:39:37,,,,BB
559,6,,1,,dc3891fb229145bf9f82741807cce24a,文泉,2020-08-11 18:39:37,,,,BB
560,6,,1,,dc3891fb229145bf9f82741807cce24a,文泉,2020-08-11 18:39:37,,,,BB
561,6,,1,,dc3891fb229145bf9f82741807cce24a,文泉,2020-08-11 18:39:37,,,,BB
562,6,,1,,dc3891fb229145bf9f82741807cce24a,文泉,2020-08-11 18:39:37,,,,BB
563,6,,1,,dc3891fb229145bf9f82741807cce24a,文泉,2020-08-11 18:39:37,,,,BB
564,6,,1,,dc3891fb229145bf9f82741807cce24a,文泉,2020-08-11 18:39:37,,,,BB
565,6,,1,,dc3891fb229145bf9f82741807cce24a,文泉,2020-08-11 18:39:37,,,,BB
566,6,,1,,dc3891fb229145bf9f82741807cce24a,文泉,2020-08-11 18:39:37,,,,BB
567,6,,1,,dc3891fb229145bf9f82741807cce24a,文泉,2020-08-11 18:39:37,,,,BB
568,6,,1,,dc3891fb229145bf9f82741807cce24a,文泉,2020-08-11 18:39:37,,,,BB
569,6,,1,,dc3891fb229145bf9f82741807cce24a,文泉,2020-08-11 18:39:37,,,,BB
570,6,,1,,dc3891fb229145bf9f82741807cce24a,文泉,2020-08-11 18:39:37,,,,BB
571,6,,1,,dc3891fb229145bf9f82741807cce24a,文泉,2020-08-11 18:39:37,,,,BB
572,6,,1,,dc3891fb229145bf9f82741807cce24a,文泉,2020-08-11 18:39:37,,,,BB
573,6,,1,,dc3891fb229145bf9f82741807cce24a,文泉,2020-08-11 18:39:37,,,,BB
574,6,,1,,dc3891fb229145bf9f82741807cce24a,文泉,2020-08-11 18:39:37,,,,BB
575,6,,1,,dc3891fb229145bf9f82741807cce24a,文泉,2020-08-11 18:39:37,,,,BB
576,6,,1,,dc3891fb229145bf9f82741807cce24a,文泉,2020-08-11 18:39:37,,,,BB
577,6,,1,,dc3891fb229145bf9f82741807cce24a,文泉,2020-08-11 18:39:37,,,,BB
578,6,,1,,dc3891fb229145bf9f82741807cce24a,文泉,2020-08-11 18:39:37,,,,BB
579,6,,1,,dc3891fb229145bf9f82741807cce24a,文泉,2020-08-11 18:39:37,,,,BB
580,6,,1,,dc3891fb229145bf9f82741807cce24a,文泉,2020-08-11 18:39:37,,,,BB
581,6,,1,,dc3891fb229145bf9f82741807cce24a,文泉,2020-08-11 18:39:37,,,,BB
582,6,,1,,dc3891fb229145bf9f82741807cce24a,文泉,2020-08-11 18:39:37,,,,BB
583,6,,1,,dc3891fb229145bf9f82741807cce24a,文泉,2020-08-11 18:39:37,,,,BB
584,6,,1,,dc3891fb229145bf9f82741807cce24a,文泉,2020-08-11 18:39:37,,,,BB
585,6,,1,,dc3891fb229145bf9f82741807cce24a,文泉,2020-08-11 18:39:37,,,,BB
586,6,,1,,dc3891fb229145bf9f82741807cce24a,文泉,2020-08-11 18:39:37,,,,BB
587,6,,1,,dc3891fb229145bf9f82741807cce24a,文泉,2020-08-11 18:39:37,,,,BB
588,6,,1,,dc3891fb229145bf9f82741807cce24a,文泉,2020-08-11 18:39:37,,,,BB
589,6,,1,,dc3891fb229145bf9f82741807cce24a,文泉,2020-08-11 18:39:37,,,,BB
590,6,,1,,dc3891fb229145bf9f82741807cce24a,文泉,2020-08-11 18:39:37,,,,BB
591,6,,1,,dc3891fb229145bf9f82741807cce24a,文泉,2020-08-11 18:39:37,,,,BB
592,6,,1,,dc3891fb229145bf9f82741807cce24a,文泉,2020-08-11 18:39:37,,,,BB
593,6,,1,,dc3891fb229145bf9f82741807cce24a,文泉,2020-08-11 18:39:37,,,,BB
594,6,,1,,dc3891fb229145bf9f82741807cce24a,文泉,2020-08-11 18:39:37,,,,BB
595,6,,1,,dc3891fb229145bf9f82741807cce24a,文泉,2020-08-11 18:39:37,,,,BB
596,6,,1,,dc3891fb229145bf9f82741807cce24a,文泉,2020-08-11 18:39:37,,,,BB
597,6,,1,,dc3891fb229145bf9f82741807cce24a,文泉,2020-08-11 18:39:37,,,,BB
598,6,,1,,dc3891fb229145bf9f82741807cce24a,文泉,2020-08-11 18:39:37,,,,BB
599,6,,1,,dc3891fb229145bf9f82741807cce24a,文泉,2020-08-11 18:39:37,,,,BB
600,6,,1,,dc3891fb229145bf9f82741807cce24a,文泉,2020-08-11 18:39:37,,,,BB
601,6,601,1,,dc3891fb229145bf9f82741807cce24a,文泉,2020-08-11 19:00:10,,,,BB
602,6,602,1,,dc3891fb229145bf9f82741807cce24a,文泉,2020-08-11 19:00:10,,,,BB
603,6,603,1,,dc3891fb229145bf9f82741807cce24a,文泉,2020-08-11 19:00:10,,,,BB
604,6,604,1,,dc3891fb229145bf9f82741807cce24a,文泉,2020-08-11 19:00:10,,,,BB
605,6,605,1,,dc3891fb229145bf9f82741807cce24a,文泉,2020-08-11 19:00:10,,,,BB
606,6,606,1,,dc3891fb229145bf9f82741807cce24a,文泉,2020-08-11 19:00:10,,,,BB
607,6,607,1,,dc3891fb229145bf9f82741807cce24a,文泉,2020-08-11 19:00:10,,,,BB
608,6,608,1,,dc3891fb229145bf9f82741807cce24a,文泉,2020-08-11 19:00:10,,,,BB
609,6,609,1,,dc3891fb229145bf9f82741807cce24a,文泉,2020-08-11 19:00:10,,,,BB
610,6,610,1,,dc3891fb229145bf9f82741807cce24a,文泉,2020-08-11 19:00:10,,,,BB
611,6,611,1,,dc3891fb229145bf9f82741807cce24a,文泉,2020-08-11 19:00:10,,,,BB
612,6,612,1,,dc3891fb229145bf9f82741807cce24a,文泉,2020-08-11 19:00:10,,,,BB
613,6,613,1,,dc3891fb229145bf9f82741807cce24a,文泉,2020-08-11 19:00:10,,,,BB
614,6,614,1,,dc3891fb229145bf9f82741807cce24a,文泉,2020-08-11 19:00:10,,,,BB
615,6,615,1,,dc3891fb229145bf9f82741807cce24a,文泉,2020-08-11 19:00:10,,,,BB
616,6,616,1,,dc3891fb229145bf9f82741807cce24a,文泉,2020-08-11 19:00:10,,,,BB
617,6,617,1,,dc3891fb229145bf9f82741807cce24a,文泉,2020-08-11 19:00:10,,,,BB
618,6,618,1,,dc3891fb229145bf9f82741807cce24a,文泉,2020-08-11 19:00:10,,,,BB
619,6,619,1,,dc3891fb229145bf9f82741807cce24a,文泉,2020-08-11 19:00:10,,,,BB
620,6,620,1,,dc3891fb229145bf9f82741807cce24a,文泉,2020-08-11 19:00:10,,,,BB
621,6,621,1,,dc3891fb229145bf9f82741807cce24a,文泉,2020-08-11 19:00:10,,,,BB
622,6,622,1,,dc3891fb229145bf9f82741807cce24a,文泉,2020-08-11 19:00:10,,,,BB
623,6,623,1,,dc3891fb229145bf9f82741807cce24a,文泉,2020-08-11 19:00:10,,,,BB
624,6,624,1,,dc3891fb229145bf9f82741807cce24a,文泉,2020-08-11 19:00:10,,,,BB
625,6,625,1,,dc3891fb229145bf9f82741807cce24a,文泉,2020-08-11 19:00:10,,,,BB
626,6,626,1,,dc3891fb229145bf9f82741807cce24a,文泉,2020-08-11 19:00:10,,,,BB
627,6,627,1,,dc3891fb229145bf9f82741807cce24a,文泉,2020-08-11 19:00:10,,,,BB
628,6,628,1,,dc3891fb229145bf9f82741807cce24a,文泉,2020-08-11 19:00:10,,,,BB
629,6,629,1,,dc3891fb229145bf9f82741807cce24a,文泉,2020-08-11 19:00:10,,,,BB
630,6,630,1,,dc3891fb229145bf9f82741807cce24a,文泉,2020-08-11 19:00:10,,,,BB
631,6,631,1,,dc3891fb229145bf9f82741807cce24a,文泉,2020-08-11 19:00:10,,,,BB
632,6,632,1,,dc3891fb229145bf9f82741807cce24a,文泉,2020-08-11 19:00:10,,,,BB
633,6,633,1,,dc3891fb229145bf9f82741807cce24a,文泉,2020-08-11 19:00:10,,,,BB
634,6,634,1,,dc3891fb229145bf9f82741807cce24a,文泉,2020-08-11 19:00:10,,,,BB
635,6,635,1,,dc3891fb229145bf9f82741807cce24a,文泉,2020-08-11 19:00:10,,,,BB
636,6,636,1,,dc3891fb229145bf9f82741807cce24a,文泉,2020-08-11 19:00:10,,,,BB
637,6,637,1,,dc3891fb229145bf9f82741807cce24a,文泉,2020-08-11 19:00:10,,,,BB
638,6,638,1,,dc3891fb229145bf9f82741807cce24a,文泉,2020-08-11 19:00:10,,,,BB
639,6,639,1,,dc3891fb229145bf9f82741807cce24a,文泉,2020-08-11 19:00:10,,,,BB
640,6,640,1,,dc3891fb229145bf9f82741807cce24a,文泉,2020-08-11 19:00:10,,,,BB
641,6,641,1,,dc3891fb229145bf9f82741807cce24a,文泉,2020-08-11 19:00:10,,,,BB
642,6,642,1,,dc3891fb229145bf9f82741807cce24a,文泉,2020-08-11 19:00:10,,,,BB
643,6,643,1,,dc3891fb229145bf9f82741807cce24a,文泉,2020-08-11 19:00:10,,,,BB
644,6,644,1,,dc3891fb229145bf9f82741807cce24a,文泉,2020-08-11 19:00:10,,,,BB
645,6,645,1,,dc3891fb229145bf9f82741807cce24a,文泉,2020-08-11 19:00:10,,,,BB
646,6,646,1,,dc3891fb229145bf9f82741807cce24a,文泉,2020-08-11 19:00:10,,,,BB
647,6,647,1,,dc3891fb229145bf9f82741807cce24a,文泉,2020-08-11 19:00:10,,,,BB
648,6,648,1,,dc3891fb229145bf9f82741807cce24a,文泉,2020-08-11 19:00:10,,,,BB
649,6,649,1,,dc3891fb229145bf9f82741807cce24a,文泉,2020-08-11 19:00:10,,,,BB
650,6,650,1,,dc3891fb229145bf9f82741807cce24a,文泉,2020-08-11 19:00:10,,,,BB
651,6,651,1,,dc3891fb229145bf9f82741807cce24a,文泉,2020-08-11 19:00:10,,,,BB
652,6,652,1,,dc3891fb229145bf9f82741807cce24a,文泉,2020-08-11 19:00:10,,,,BB
653,6,653,1,,dc3891fb229145bf9f82741807cce24a,文泉,2020-08-11 19:00:10,,,,BB
654,6,654,1,,dc3891fb229145bf9f82741807cce24a,文泉,2020-08-11 19:00:10,,,,BB
655,6,655,1,,dc3891fb229145bf9f82741807cce24a,文泉,2020-08-11 19:00:10,,,,BB
656,6,656,1,,dc3891fb229145bf9f82741807cce24a,文泉,2020-08-11 19:00:10,,,,BB
657,6,657,1,,dc3891fb229145bf9f82741807cce24a,文泉,2020-08-11 19:00:10,,,,BB
658,6,658,1,,dc3891fb229145bf9f82741807cce24a,文泉,2020-08-11 19:00:10,,,,BB
659,6,659,1,,dc3891fb229145bf9f82741807cce24a,文泉,2020-08-11 19:00:10,,,,BB
660,6,660,1,,dc3891fb229145bf9f82741807cce24a,文泉,2020-08-11 19:00:10,,,,BB
661,6,661,1,,dc3891fb229145bf9f82741807cce24a,文泉,2020-08-11 19:00:10,,,,BB
662,6,662,1,,dc3891fb229145bf9f82741807cce24a,文泉,2020-08-11 19:00:10,,,,BB
663,6,663,1,,dc3891fb229145bf9f82741807cce24a,文泉,2020-08-11 19:00:10,,,,BB
664,6,664,1,,dc3891fb229145bf9f82741807cce24a,文泉,2020-08-11 19:00:10,,,,BB
665,6,665,1,,dc3891fb229145bf9f82741807cce24a,文泉,2020-08-11 19:00:10,,,,BB
666,6,666,1,,dc3891fb229145bf9f82741807cce24a,文泉,2020-08-11 19:00:10,,,,BB
667,6,667,1,,dc3891fb229145bf9f82741807cce24a,文泉,2020-08-11 19:00:10,,,,BB
668,6,668,1,,dc3891fb229145bf9f82741807cce24a,文泉,2020-08-11 19:00:10,,,,BB
669,6,669,1,,dc3891fb229145bf9f82741807cce24a,文泉,2020-08-11 19:00:10,,,,BB
670,6,670,1,,dc3891fb229145bf9f82741807cce24a,文泉,2020-08-11 19:00:10,,,,BB
671,6,671,1,,dc3891fb229145bf9f82741807cce24a,文泉,2020-08-11 19:00:10,,,,BB
672,6,672,1,,dc3891fb229145bf9f82741807cce24a,文泉,2020-08-11 19:00:10,,,,BB
673,6,673,1,,dc3891fb229145bf9f82741807cce24a,文泉,2020-08-11 19:00:10,,,,BB
674,6,674,1,,dc3891fb229145bf9f82741807cce24a,文泉,2020-08-11 19:00:10,,,,BB
675,6,675,1,,dc3891fb229145bf9f82741807cce24a,文泉,2020-08-11 19:00:10,,,,BB
676,6,676,1,,dc3891fb229145bf9f82741807cce24a,文泉,2020-08-11 19:00:10,,,,BB
677,6,677,1,,dc3891fb229145bf9f82741807cce24a,文泉,2020-08-11 19:00:10,,,,BB
678,6,678,1,,dc3891fb229145bf9f82741807cce24a,文泉,2020-08-11 19:00:10,,,,BB
679,6,679,1,,dc3891fb229145bf9f82741807cce24a,文泉,2020-08-11 19:00:10,,,,BB
680,6,680,1,,dc3891fb229145bf9f82741807cce24a,文泉,2020-08-11 19:00:10,,,,BB
681,6,681,1,,dc3891fb229145bf9f82741807cce24a,文泉,2020-08-11 19:00:10,,,,BB
682,6,682,1,,dc3891fb229145bf9f82741807cce24a,文泉,2020-08-11 19:00:10,,,,BB
683,6,683,1,,dc3891fb229145bf9f82741807cce24a,文泉,2020-08-11 19:00:10,,,,BB
684,6,684,1,,dc3891fb229145bf9f82741807cce24a,文泉,2020-08-11 19:00:10,,,,BB
685,6,685,1,,dc3891fb229145bf9f82741807cce24a,文泉,2020-08-11 19:00:10,,,,BB
686,6,686,1,,dc3891fb229145bf9f82741807cce24a,文泉,2020-08-11 19:00:10,,,,BB
687,6,687,1,,dc3891fb229145bf9f82741807cce24a,文泉,2020-08-11 19:00:10,,,,BB
688,6,688,1,,dc3891fb229145bf9f82741807cce24a,文泉,2020-08-11 19:00:10,,,,BB
689,6,689,1,,dc3891fb229145bf9f82741807cce24a,文泉,2020-08-11 19:00:10,,,,BB
690,6,690,1,,dc3891fb229145bf9f82741807cce24a,文泉,2020-08-11 19:00:10,,,,BB
691,6,691,1,,dc3891fb229145bf9f82741807cce24a,文泉,2020-08-11 19:00:10,,,,BB
692,6,692,1,,dc3891fb229145bf9f82741807cce24a,文泉,2020-08-11 19:00:10,,,,BB
693,6,693,1,,dc3891fb229145bf9f82741807cce24a,文泉,2020-08-11 19:00:10,,,,BB
694,6,694,1,,dc3891fb229145bf9f82741807cce24a,文泉,2020-08-11 19:00:10,,,,BB
695,6,695,1,,dc3891fb229145bf9f82741807cce24a,文泉,2020-08-11 19:00:10,,,,BB
696,6,696,1,,dc3891fb229145bf9f82741807cce24a,文泉,2020-08-11 19:00:10,,,,BB
697,6,697,1,,dc3891fb229145bf9f82741807cce24a,文泉,2020-08-11 19:00:10,,,,BB
698,6,698,1,,dc3891fb229145bf9f82741807cce24a,文泉,2020-08-11 19:00:10,,,,BB
699,6,699,1,,dc3891fb229145bf9f82741807cce24a,文泉,2020-08-11 19:00:10,,,,BB
700,6,700,1,,dc3891fb229145bf9f82741807cce24a,文泉,2020-08-11 19:00:10,,,,BB
701,6,801,1,,dc3891fb229145bf9f82741807cce24a,文泉,2020-08-11 19:03:53,,,,BB
702,6,802,1,,dc3891fb229145bf9f82741807cce24a,文泉,2020-08-11 19:03:53,,,,BB
703,6,803,1,,dc3891fb229145bf9f82741807cce24a,文泉,2020-08-11 19:03:53,,,,BB
704,6,804,1,,dc3891fb229145bf9f82741807cce24a,文泉,2020-08-11 19:03:53,,,,BB
705,6,805,1,,dc3891fb229145bf9f82741807cce24a,文泉,2020-08-11 19:03:53,,,,BB
706,6,806,1,,dc3891fb229145bf9f82741807cce24a,文泉,2020-08-11 19:03:53,,,,BB
707,6,807,1,,dc3891fb229145bf9f82741807cce24a,文泉,2020-08-11 19:03:53,,,,BB
708,6,808,1,,dc3891fb229145bf9f82741807cce24a,文泉,2020-08-11 19:03:53,,,,BB
709,6,809,1,,dc3891fb229145bf9f82741807cce24a,文泉,2020-08-11 19:03:53,,,,BB
710,6,810,1,,dc3891fb229145bf9f82741807cce24a,文泉,2020-08-11 19:03:53,,,,BB
711,6,811,1,,dc3891fb229145bf9f82741807cce24a,文泉,2020-08-11 19:03:53,,,,BB
712,6,812,1,,dc3891fb229145bf9f82741807cce24a,文泉,2020-08-11 19:03:53,,,,BB
713,6,813,1,,dc3891fb229145bf9f82741807cce24a,文泉,2020-08-11 19:03:53,,,,BB
714,6,814,1,,dc3891fb229145bf9f82741807cce24a,文泉,2020-08-11 19:03:53,,,,BB
715,6,815,1,,dc3891fb229145bf9f82741807cce24a,文泉,2020-08-11 19:03:53,,,,BB
716,6,816,1,,dc3891fb229145bf9f82741807cce24a,文泉,2020-08-11 19:03:53,,,,BB
717,6,817,1,,dc3891fb229145bf9f82741807cce24a,文泉,2020-08-11 19:03:53,,,,BB
718,6,818,1,,dc3891fb229145bf9f82741807cce24a,文泉,2020-08-11 19:03:53,,,,BB
719,6,819,1,,dc3891fb229145bf9f82741807cce24a,文泉,2020-08-11 19:03:53,,,,BB
720,6,820,1,,dc3891fb229145bf9f82741807cce24a,文泉,2020-08-11 19:03:53,,,,BB
721,6,821,1,,dc3891fb229145bf9f82741807cce24a,文泉,2020-08-11 19:03:53,,,,BB
722,6,822,1,,dc3891fb229145bf9f82741807cce24a,文泉,2020-08-11 19:03:53,,,,BB
723,6,823,1,,dc3891fb229145bf9f82741807cce24a,文泉,2020-08-11 19:03:53,,,,BB
724,6,824,1,,dc3891fb229145bf9f82741807cce24a,文泉,2020-08-11 19:03:53,,,,BB
725,6,825,1,,dc3891fb229145bf9f82741807cce24a,文泉,2020-08-11 19:03:53,,,,BB
726,6,826,1,,dc3891fb229145bf9f82741807cce24a,文泉,2020-08-11 19:03:53,,,,BB
727,6,827,1,,dc3891fb229145bf9f82741807cce24a,文泉,2020-08-11 19:03:53,,,,BB
728,6,828,1,,dc3891fb229145bf9f82741807cce24a,文泉,2020-08-11 19:03:53,,,,BB
729,6,829,1,,dc3891fb229145bf9f82741807cce24a,文泉,2020-08-11 19:03:53,,,,BB
730,6,830,1,,dc3891fb229145bf9f82741807cce24a,文泉,2020-08-11 19:03:53,,,,BB
731,6,831,1,,dc3891fb229145bf9f82741807cce24a,文泉,2020-08-11 19:03:53,,,,BB
732,6,832,1,,dc3891fb229145bf9f82741807cce24a,文泉,2020-08-11 19:03:53,,,,BB
733,6,833,1,,dc3891fb229145bf9f82741807cce24a,文泉,2020-08-11 19:03:53,,,,BB
734,6,834,1,,dc3891fb229145bf9f82741807cce24a,文泉,2020-08-11 19:03:53,,,,BB
735,6,835,1,,dc3891fb229145bf9f82741807cce24a,文泉,2020-08-11 19:03:53,,,,BB
736,6,836,1,,dc3891fb229145bf9f82741807cce24a,文泉,2020-08-11 19:03:53,,,,BB
737,6,837,1,,dc3891fb229145bf9f82741807cce24a,文泉,2020-08-11 19:03:53,,,,BB
738,6,838,1,,dc3891fb229145bf9f82741807cce24a,文泉,2020-08-11 19:03:53,,,,BB
739,6,839,1,,dc3891fb229145bf9f82741807cce24a,文泉,2020-08-11 19:03:53,,,,BB
740,6,840,1,,dc3891fb229145bf9f82741807cce24a,文泉,2020-08-11 19:03:53,,,,BB
741,6,841,1,,dc3891fb229145bf9f82741807cce24a,文泉,2020-08-11 19:03:53,,,,BB
742,6,842,1,,dc3891fb229145bf9f82741807cce24a,文泉,2020-08-11 19:03:53,,,,BB
743,6,843,1,,dc3891fb229145bf9f82741807cce24a,文泉,2020-08-11 19:03:53,,,,BB
744,6,844,1,,dc3891fb229145bf9f82741807cce24a,文泉,2020-08-11 19:03:53,,,,BB
745,6,845,1,,dc3891fb229145bf9f82741807cce24a,文泉,2020-08-11 19:03:53,,,,BB
746,6,846,1,,dc3891fb229145bf9f82741807cce24a,文泉,2020-08-11 19:03:53,,,,BB
747,6,847,1,,dc3891fb229145bf9f82741807cce24a,文泉,2020-08-11 19:03:53,,,,BB
748,6,848,1,,dc3891fb229145bf9f82741807cce24a,文泉,2020-08-11 19:03:53,,,,BB
749,6,849,1,,dc3891fb229145bf9f82741807cce24a,文泉,2020-08-11 19:03:53,,,,BB
750,6,850,1,,dc3891fb229145bf9f82741807cce24a,文泉,2020-08-11 19:03:53,,,,BB
751,6,851,1,,dc3891fb229145bf9f82741807cce24a,文泉,2020-08-11 19:03:53,,,,BB
752,6,852,1,,dc3891fb229145bf9f82741807cce24a,文泉,2020-08-11 19:03:53,,,,BB
753,6,853,1,,dc3891fb229145bf9f82741807cce24a,文泉,2020-08-11 19:03:53,,,,BB
754,6,854,1,,dc3891fb229145bf9f82741807cce24a,文泉,2020-08-11 19:03:53,,,,BB
755,6,855,1,,dc3891fb229145bf9f82741807cce24a,文泉,2020-08-11 19:03:53,,,,BB
756,6,856,1,,dc3891fb229145bf9f82741807cce24a,文泉,2020-08-11 19:03:53,,,,BB
757,6,857,1,,dc3891fb229145bf9f82741807cce24a,文泉,2020-08-11 19:03:53,,,,BB
758,6,858,1,,dc3891fb229145bf9f82741807cce24a,文泉,2020-08-11 19:03:53,,,,BB
759,6,859,1,,dc3891fb229145bf9f82741807cce24a,文泉,2020-08-11 19:03:53,,,,BB
760,6,860,1,,dc3891fb229145bf9f82741807cce24a,文泉,2020-08-11 19:03:53,,,,BB
761,6,861,1,,dc3891fb229145bf9f82741807cce24a,文泉,2020-08-11 19:03:53,,,,BB
762,6,862,1,,dc3891fb229145bf9f82741807cce24a,文泉,2020-08-11 19:03:53,,,,BB
763,6,863,1,,dc3891fb229145bf9f82741807cce24a,文泉,2020-08-11 19:03:53,,,,BB
764,6,864,1,,dc3891fb229145bf9f82741807cce24a,文泉,2020-08-11 19:03:53,,,,BB
765,6,865,1,,dc3891fb229145bf9f82741807cce24a,文泉,2020-08-11 19:03:53,,,,BB
766,6,866,1,,dc3891fb229145bf9f82741807cce24a,文泉,2020-08-11 19:03:53,,,,BB
767,6,867,1,,dc3891fb229145bf9f82741807cce24a,文泉,2020-08-11 19:03:53,,,,BB
768,6,868,1,,dc3891fb229145bf9f82741807cce24a,文泉,2020-08-11 19:03:53,,,,BB
769,6,869,1,,dc3891fb229145bf9f82741807cce24a,文泉,2020-08-11 19:03:53,,,,BB
770,6,870,1,,dc3891fb229145bf9f82741807cce24a,文泉,2020-08-11 19:03:53,,,,BB
771,6,871,1,,dc3891fb229145bf9f82741807cce24a,文泉,2020-08-11 19:03:53,,,,BB
772,6,872,1,,dc3891fb229145bf9f82741807cce24a,文泉,2020-08-11 19:03:53,,,,BB
773,6,873,1,,dc3891fb229145bf9f82741807cce24a,文泉,2020-08-11 19:03:53,,,,BB
774,6,874,1,,dc3891fb229145bf9f82741807cce24a,文泉,2020-08-11 19:03:53,,,,BB
775,6,875,1,,dc3891fb229145bf9f82741807cce24a,文泉,2020-08-11 19:03:53,,,,BB
776,6,876,1,,dc3891fb229145bf9f82741807cce24a,文泉,2020-08-11 19:03:53,,,,BB
777,6,877,1,,dc3891fb229145bf9f82741807cce24a,文泉,2020-08-11 19:03:53,,,,BB
778,6,878,1,,dc3891fb229145bf9f82741807cce24a,文泉,2020-08-11 19:03:53,,,,BB
779,6,879,1,,dc3891fb229145bf9f82741807cce24a,文泉,2020-08-11 19:03:53,,,,BB
780,6,880,1,,dc3891fb229145bf9f82741807cce24a,文泉,2020-08-11 19:03:53,,,,BB
781,6,881,1,,dc3891fb229145bf9f82741807cce24a,文泉,2020-08-11 19:03:53,,,,BB
782,6,882,1,,dc3891fb229145bf9f82741807cce24a,文泉,2020-08-11 19:03:53,,,,BB
783,6,883,1,,dc3891fb229145bf9f82741807cce24a,文泉,2020-08-11 19:03:53,,,,BB
784,6,884,1,,dc3891fb229145bf9f82741807cce24a,文泉,2020-08-11 19:03:53,,,,BB
785,6,885,1,,dc3891fb229145bf9f82741807cce24a,文泉,2020-08-11 19:03:53,,,,BB
786,6,886,1,,dc3891fb229145bf9f82741807cce24a,文泉,2020-08-11 19:03:53,,,,BB
787,6,887,1,,dc3891fb229145bf9f82741807cce24a,文泉,2020-08-11 19:03:53,,,,BB
788,6,888,1,,dc3891fb229145bf9f82741807cce24a,文泉,2020-08-11 19:03:53,,,,BB
789,6,889,1,,dc3891fb229145bf9f82741807cce24a,文泉,2020-08-11 19:03:53,,,,BB
790,6,890,1,,dc3891fb229145bf9f82741807cce24a,文泉,2020-08-11 19:03:53,,,,BB
791,6,891,1,,dc3891fb229145bf9f82741807cce24a,文泉,2020-08-11 19:03:53,,,,BB
792,6,892,1,,dc3891fb229145bf9f82741807cce24a,文泉,2020-08-11 19:03:53,,,,BB
793,6,893,1,,dc3891fb229145bf9f82741807cce24a,文泉,2020-08-11 19:03:53,,,,BB
794,6,894,1,,dc3891fb229145bf9f82741807cce24a,文泉,2020-08-11 19:03:53,,,,BB
795,6,895,1,,dc3891fb229145bf9f82741807cce24a,文泉,2020-08-11 19:03:53,,,,BB
796,6,896,1,,dc3891fb229145bf9f82741807cce24a,文泉,2020-08-11 19:03:53,,,,BB
797,6,897,1,,dc3891fb229145bf9f82741807cce24a,文泉,2020-08-11 19:03:53,,,,BB
798,6,898,1,,dc3891fb229145bf9f82741807cce24a,文泉,2020-08-11 19:03:53,,,,BB
799,6,899,1,,dc3891fb229145bf9f82741807cce24a,文泉,2020-08-11 19:03:53,,,,BB
800,6,900,1,,dc3891fb229145bf9f82741807cce24a,文泉,2020-08-11 19:03:53,,,,BB
