55,1,92fcd655-ebc1-450b-a0c9-d33958d07345,西安泰康拜博口腔未央大明宫门诊部,zhaoly18,1,2019-08-14 18:10:22,111,,
56,4,92fcd655-ebc1-450b-a0c9-d33958d07345,西安拜博未央口腔门诊部,zhaoly18,1,2019-08-14 18:10:22,111,,
57,5,92fcd655-ebc1-450b-a0c9-d33958d07345,西安拜博未央亚美口腔门诊部,zhaoly18,1,2019-08-14 18:10:22,111,,
58,6,92fcd655-ebc1-450b-a0c9-d33958d07345,西安拜博雁塔赛格口腔门诊部,zhaoly18,1,2019-08-14 18:10:22,111,,
59,8,92fcd655-ebc1-450b-a0c9-d33958d07345,西安拜博未央亚泰口腔门诊部,zhaoly18,1,2019-08-14 18:10:22,111,,
60,9,92fcd655-ebc1-450b-a0c9-d33958d07345,西安拜博雁塔高新路口腔门诊部,zhaoly18,1,2019-08-14 18:10:22,111,,
61,11,92fcd655-ebc1-450b-a0c9-d33958d07345,沈阳龙之梦门诊,zhaoly18,1,2019-08-14 18:10:23,111,,
62,12,92fcd655-ebc1-450b-a0c9-d33958d07345,沈阳和平门诊,zhaoly18,1,2019-08-14 18:10:23,111,,
63,13,92fcd655-ebc1-450b-a0c9-d33958d07345,沈阳中街门诊,zhaoly18,1,2019-08-14 18:10:23,111,,
64,14,92fcd655-ebc1-450b-a0c9-d33958d07345,沈阳铁西门诊,zhaoly18,1,2019-08-14 18:10:23,111,,
65,15,92fcd655-ebc1-450b-a0c9-d33958d07345,沈阳北站医院,zhaoly18,1,2019-08-14 18:10:23,111,,
66,17,92fcd655-ebc1-450b-a0c9-d33958d07345,长春临河街口腔医院,zhaoly18,1,2019-08-14 18:10:23,111,,
67,18,92fcd655-ebc1-450b-a0c9-d33958d07345,长春绿园门诊,zhaoly18,1,2019-08-14 18:10:23,111,,
68,19,92fcd655-ebc1-450b-a0c9-d33958d07345,长春二道门诊,zhaoly18,1,2019-08-14 18:10:23,111,,
69,20,92fcd655-ebc1-450b-a0c9-d33958d07345,长春高新门诊,zhaoly18,1,2019-08-14 18:10:23,111,,
70,21,92fcd655-ebc1-450b-a0c9-d33958d07345,长春红旗门诊,zhaoly18,1,2019-08-14 18:10:23,111,,
71,22,92fcd655-ebc1-450b-a0c9-d33958d07345,长春经开门诊,zhaoly18,1,2019-08-14 18:10:23,111,,
72,23,92fcd655-ebc1-450b-a0c9-d33958d07345,长春净月门诊,zhaoly18,1,2019-08-14 18:10:23,111,,
73,24,92fcd655-ebc1-450b-a0c9-d33958d07345,长春开运门诊,zhaoly18,1,2019-08-14 18:10:24,111,,
74,25,92fcd655-ebc1-450b-a0c9-d33958d07345,长春西安大路门诊,zhaoly18,1,2019-08-14 18:10:24,111,,
75,26,92fcd655-ebc1-450b-a0c9-d33958d07345,长春亚泰门诊,zhaoly18,1,2019-08-14 18:10:24,111,,
76,27,92fcd655-ebc1-450b-a0c9-d33958d07345,长春汽车厂门诊,zhaoly18,1,2019-08-14 18:10:24,111,,
77,29,92fcd655-ebc1-450b-a0c9-d33958d07345,大连拜博口腔医院,zhaoly18,1,2019-08-14 18:10:24,111,,
78,30,92fcd655-ebc1-450b-a0c9-d33958d07345,大连五一门诊,zhaoly18,1,2019-08-14 18:10:24,111,,
79,31,92fcd655-ebc1-450b-a0c9-d33958d07345,大连拜博杏林街口腔门诊,zhaoly18,1,2019-08-14 18:10:24,111,,
80,32,92fcd655-ebc1-450b-a0c9-d33958d07345,大连高新区门诊,zhaoly18,1,2019-08-14 18:10:24,111,,
81,34,92fcd655-ebc1-450b-a0c9-d33958d07345,郑州拜博口腔惠济门诊,zhaoly18,1,2019-08-14 18:10:24,111,,
82,35,92fcd655-ebc1-450b-a0c9-d33958d07345,郑州拜博口腔二七门诊,zhaoly18,1,2019-08-14 18:10:24,111,,
83,36,92fcd655-ebc1-450b-a0c9-d33958d07345,郑州拜博口腔金水门诊,zhaoly18,1,2019-08-14 18:10:24,111,,
84,37,92fcd655-ebc1-450b-a0c9-d33958d07345,郑州拜博口腔农业路医院,zhaoly18,1,2019-08-14 18:10:24,111,,
85,38,92fcd655-ebc1-450b-a0c9-d33958d07345,郑州拜博口腔紫荆山医院,zhaoly18,1,2019-08-14 18:10:24,111,,
86,39,92fcd655-ebc1-450b-a0c9-d33958d07345,洛阳拜博口腔景华门诊,zhaoly18,1,2019-08-14 18:10:25,111,,
87,40,92fcd655-ebc1-450b-a0c9-d33958d07345,焦作拜博口腔解放门诊,zhaoly18,1,2019-08-14 18:10:25,111,,
88,41,92fcd655-ebc1-450b-a0c9-d33958d07345,洛阳拜博口腔六和医院,zhaoly18,1,2019-08-14 18:10:25,111,,
89,42,92fcd655-ebc1-450b-a0c9-d33958d07345,新乡拜博口腔卫滨门诊,zhaoly18,1,2019-08-14 18:10:25,111,,
90,44,92fcd655-ebc1-450b-a0c9-d33958d07345,吉林泰康拜博口腔医院,zhaoly18,1,2019-08-14 18:10:25,111,,
91,1,92fcd655-ebc1-450b-a0c9-d33958d07345,西安泰康拜博口腔未央大明宫门诊部,liuxy183,1,2019-08-14 18:17:19,111,,
92,4,92fcd655-ebc1-450b-a0c9-d33958d07345,西安拜博未央口腔门诊部,liuxy183,1,2019-08-14 18:17:19,111,,
93,5,92fcd655-ebc1-450b-a0c9-d33958d07345,西安拜博未央亚美口腔门诊部,liuxy183,1,2019-08-14 18:17:19,111,,
94,6,92fcd655-ebc1-450b-a0c9-d33958d07345,西安拜博雁塔赛格口腔门诊部,liuxy183,1,2019-08-14 18:17:20,111,,
95,8,92fcd655-ebc1-450b-a0c9-d33958d07345,西安拜博未央亚泰口腔门诊部,liuxy183,1,2019-08-14 18:17:20,111,,
96,9,92fcd655-ebc1-450b-a0c9-d33958d07345,西安拜博雁塔高新路口腔门诊部,liuxy183,1,2019-08-14 18:17:20,111,,
97,11,92fcd655-ebc1-450b-a0c9-d33958d07345,沈阳龙之梦门诊,liuxy183,1,2019-08-14 18:17:20,111,,
98,12,92fcd655-ebc1-450b-a0c9-d33958d07345,沈阳和平门诊,liuxy183,1,2019-08-14 18:17:20,111,,
99,13,92fcd655-ebc1-450b-a0c9-d33958d07345,沈阳中街门诊,liuxy183,1,2019-08-14 18:17:20,111,,
100,14,92fcd655-ebc1-450b-a0c9-d33958d07345,沈阳铁西门诊,liuxy183,1,2019-08-14 18:17:20,111,,
101,15,92fcd655-ebc1-450b-a0c9-d33958d07345,沈阳北站医院,liuxy183,1,2019-08-14 18:17:20,111,,
102,17,92fcd655-ebc1-450b-a0c9-d33958d07345,长春临河街口腔医院,liuxy183,1,2019-08-14 18:17:20,111,,
103,18,92fcd655-ebc1-450b-a0c9-d33958d07345,长春绿园门诊,liuxy183,1,2019-08-14 18:17:20,111,,
104,19,92fcd655-ebc1-450b-a0c9-d33958d07345,长春二道门诊,liuxy183,1,2019-08-14 18:17:20,111,,
105,20,92fcd655-ebc1-450b-a0c9-d33958d07345,长春高新门诊,liuxy183,1,2019-08-14 18:17:20,111,,
106,21,92fcd655-ebc1-450b-a0c9-d33958d07345,长春红旗门诊,liuxy183,1,2019-08-14 18:17:20,111,,
107,22,92fcd655-ebc1-450b-a0c9-d33958d07345,长春经开门诊,liuxy183,1,2019-08-14 18:17:20,111,,
108,23,92fcd655-ebc1-450b-a0c9-d33958d07345,长春净月门诊,liuxy183,1,2019-08-14 18:17:21,111,,
109,24,92fcd655-ebc1-450b-a0c9-d33958d07345,长春开运门诊,liuxy183,1,2019-08-14 18:17:21,111,,
110,25,92fcd655-ebc1-450b-a0c9-d33958d07345,长春西安大路门诊,liuxy183,1,2019-08-14 18:17:21,111,,
111,26,92fcd655-ebc1-450b-a0c9-d33958d07345,长春亚泰门诊,liuxy183,1,2019-08-14 18:17:21,111,,
112,27,92fcd655-ebc1-450b-a0c9-d33958d07345,长春汽车厂门诊,liuxy183,1,2019-08-14 18:17:21,111,,
113,29,92fcd655-ebc1-450b-a0c9-d33958d07345,大连拜博口腔医院,liuxy183,1,2019-08-14 18:17:21,111,,
114,30,92fcd655-ebc1-450b-a0c9-d33958d07345,大连五一门诊,liuxy183,1,2019-08-14 18:17:21,111,,
115,31,92fcd655-ebc1-450b-a0c9-d33958d07345,大连拜博杏林街口腔门诊,liuxy183,1,2019-08-14 18:17:21,111,,
116,32,92fcd655-ebc1-450b-a0c9-d33958d07345,大连高新区门诊,liuxy183,1,2019-08-14 18:17:21,111,,
117,34,92fcd655-ebc1-450b-a0c9-d33958d07345,郑州拜博口腔惠济门诊,liuxy183,1,2019-08-14 18:17:21,111,,
118,35,92fcd655-ebc1-450b-a0c9-d33958d07345,郑州拜博口腔二七门诊,liuxy183,1,2019-08-14 18:17:21,111,,
119,36,92fcd655-ebc1-450b-a0c9-d33958d07345,郑州拜博口腔金水门诊,liuxy183,1,2019-08-14 18:17:21,111,,
120,37,92fcd655-ebc1-450b-a0c9-d33958d07345,郑州拜博口腔农业路医院,liuxy183,1,2019-08-14 18:17:21,111,,
121,38,92fcd655-ebc1-450b-a0c9-d33958d07345,郑州拜博口腔紫荆山医院,liuxy183,1,2019-08-14 18:17:21,111,,
122,39,92fcd655-ebc1-450b-a0c9-d33958d07345,洛阳拜博口腔景华门诊,liuxy183,1,2019-08-14 18:17:21,111,,
123,40,92fcd655-ebc1-450b-a0c9-d33958d07345,焦作拜博口腔解放门诊,liuxy183,1,2019-08-14 18:17:22,111,,
124,41,92fcd655-ebc1-450b-a0c9-d33958d07345,洛阳拜博口腔六和医院,liuxy183,1,2019-08-14 18:17:22,111,,
125,42,92fcd655-ebc1-450b-a0c9-d33958d07345,新乡拜博口腔卫滨门诊,liuxy183,1,2019-08-14 18:17:22,111,,
126,44,92fcd655-ebc1-450b-a0c9-d33958d07345,吉林泰康拜博口腔医院,liuxy183,1,2019-08-14 18:17:22,111,,
141,1,92fcd655-ebc1-450b-a0c9-d33958d07345,西安泰康拜博口腔未央大明宫门诊部,wangjian109,1,2019-12-09 08:14:51,111,,
142,4,92fcd655-ebc1-450b-a0c9-d33958d07345,西安拜博未央口腔门诊部,wangjian109,1,2019-12-09 08:14:51,111,,
143,5,92fcd655-ebc1-450b-a0c9-d33958d07345,西安拜博未央亚美口腔门诊部,wangjian109,1,2019-12-09 08:14:51,111,,
144,6,92fcd655-ebc1-450b-a0c9-d33958d07345,西安拜博雁塔赛格口腔门诊部,wangjian109,1,2019-12-09 08:14:51,111,,
145,8,92fcd655-ebc1-450b-a0c9-d33958d07345,西安拜博未央亚泰口腔门诊部,wangjian109,1,2019-12-09 08:14:51,111,,
146,9,92fcd655-ebc1-450b-a0c9-d33958d07345,西安拜博雁塔高新路口腔门诊部,wangjian109,1,2019-12-09 08:14:51,111,,
147,11,92fcd655-ebc1-450b-a0c9-d33958d07345,沈阳龙之梦门诊,wangjian109,1,2019-12-09 08:14:51,111,,
148,12,92fcd655-ebc1-450b-a0c9-d33958d07345,沈阳和平门诊,wangjian109,1,2019-12-09 08:14:51,111,,
149,13,92fcd655-ebc1-450b-a0c9-d33958d07345,沈阳中街门诊,wangjian109,1,2019-12-09 08:14:51,111,,
150,14,92fcd655-ebc1-450b-a0c9-d33958d07345,沈阳铁西门诊,wangjian109,1,2019-12-09 08:14:51,111,,
151,15,92fcd655-ebc1-450b-a0c9-d33958d07345,沈阳北站医院,wangjian109,1,2019-12-09 08:14:51,111,,
152,17,92fcd655-ebc1-450b-a0c9-d33958d07345,长春临河街口腔医院,wangjian109,1,2019-12-09 08:14:51,111,,
153,18,92fcd655-ebc1-450b-a0c9-d33958d07345,长春绿园门诊,wangjian109,1,2019-12-09 08:14:51,111,,
154,19,92fcd655-ebc1-450b-a0c9-d33958d07345,长春二道门诊,wangjian109,1,2019-12-09 08:14:51,111,,
155,20,92fcd655-ebc1-450b-a0c9-d33958d07345,长春高新门诊,wangjian109,1,2019-12-09 08:14:51,111,,
156,21,92fcd655-ebc1-450b-a0c9-d33958d07345,长春红旗门诊,wangjian109,1,2019-12-09 08:14:52,111,,
157,22,92fcd655-ebc1-450b-a0c9-d33958d07345,长春经开门诊,wangjian109,1,2019-12-09 08:14:52,111,,
158,23,92fcd655-ebc1-450b-a0c9-d33958d07345,长春净月门诊,wangjian109,1,2019-12-09 08:14:52,111,,
159,24,92fcd655-ebc1-450b-a0c9-d33958d07345,长春开运门诊,wangjian109,1,2019-12-09 08:14:52,111,,
160,25,92fcd655-ebc1-450b-a0c9-d33958d07345,长春西安大路门诊,wangjian109,1,2019-12-09 08:14:52,111,,
161,26,92fcd655-ebc1-450b-a0c9-d33958d07345,长春亚泰门诊,wangjian109,1,2019-12-09 08:14:52,111,,
162,27,92fcd655-ebc1-450b-a0c9-d33958d07345,长春汽车厂门诊,wangjian109,1,2019-12-09 08:14:52,111,,
163,29,92fcd655-ebc1-450b-a0c9-d33958d07345,大连拜博口腔医院,wangjian109,1,2019-12-09 08:14:52,111,,
164,30,92fcd655-ebc1-450b-a0c9-d33958d07345,大连五一门诊,wangjian109,1,2019-12-09 08:14:52,111,,
165,31,92fcd655-ebc1-450b-a0c9-d33958d07345,大连拜博杏林街口腔门诊,wangjian109,1,2019-12-09 08:14:52,111,,
166,32,92fcd655-ebc1-450b-a0c9-d33958d07345,大连高新区门诊,wangjian109,1,2019-12-09 08:14:52,111,,
167,34,92fcd655-ebc1-450b-a0c9-d33958d07345,郑州拜博口腔惠济门诊,wangjian109,1,2019-12-09 08:14:52,111,,
168,35,92fcd655-ebc1-450b-a0c9-d33958d07345,郑州拜博口腔二七门诊,wangjian109,1,2019-12-09 08:14:52,111,,
169,36,92fcd655-ebc1-450b-a0c9-d33958d07345,郑州拜博口腔金水门诊,wangjian109,1,2019-12-09 08:14:52,111,,
170,37,92fcd655-ebc1-450b-a0c9-d33958d07345,郑州拜博口腔农业路医院,wangjian109,1,2019-12-09 08:14:52,111,,
171,38,92fcd655-ebc1-450b-a0c9-d33958d07345,郑州拜博口腔紫荆山医院,wangjian109,1,2019-12-09 08:14:52,111,,
172,39,92fcd655-ebc1-450b-a0c9-d33958d07345,洛阳拜博口腔景华门诊,wangjian109,1,2019-12-09 08:14:52,111,,
173,40,92fcd655-ebc1-450b-a0c9-d33958d07345,焦作拜博口腔解放门诊,wangjian109,1,2019-12-09 08:14:52,111,,
174,41,92fcd655-ebc1-450b-a0c9-d33958d07345,洛阳拜博口腔六和医院,wangjian109,1,2019-12-09 08:14:52,111,,
175,42,92fcd655-ebc1-450b-a0c9-d33958d07345,新乡拜博口腔卫滨门诊,wangjian109,1,2019-12-09 08:14:52,111,,
176,44,92fcd655-ebc1-450b-a0c9-d33958d07345,吉林泰康拜博口腔医院,wangjian109,1,2019-12-09 08:14:52,111,,
177,57,92fcd655-ebc1-450b-a0c9-d33958d07345,唐山拜博口腔爱琴海门诊,wangjian109,1,2019-12-09 08:14:52,111,,
178,1,92fcd655-ebc1-450b-a0c9-d33958d07345,西安泰康拜博口腔未央大明宫门诊部,wenquan03,1,2019-12-09 09:16:12,111,,
179,4,92fcd655-ebc1-450b-a0c9-d33958d07345,西安拜博未央口腔门诊部,wenquan03,1,2019-12-09 09:16:12,111,,
180,5,92fcd655-ebc1-450b-a0c9-d33958d07345,西安拜博未央亚美口腔门诊部,wenquan03,1,2019-12-09 09:16:12,111,,
181,6,92fcd655-ebc1-450b-a0c9-d33958d07345,西安拜博雁塔赛格口腔门诊部,wenquan03,1,2019-12-09 09:16:12,111,,
182,8,92fcd655-ebc1-450b-a0c9-d33958d07345,西安拜博未央亚泰口腔门诊部,wenquan03,1,2019-12-09 09:16:12,111,,
183,9,92fcd655-ebc1-450b-a0c9-d33958d07345,西安拜博雁塔高新路口腔门诊部,wenquan03,1,2019-12-09 09:16:12,111,,
184,11,92fcd655-ebc1-450b-a0c9-d33958d07345,沈阳龙之梦门诊,wenquan03,1,2019-12-09 09:16:12,111,,
185,12,92fcd655-ebc1-450b-a0c9-d33958d07345,沈阳和平门诊,wenquan03,1,2019-12-09 09:16:12,111,,
186,13,92fcd655-ebc1-450b-a0c9-d33958d07345,沈阳中街门诊,wenquan03,1,2019-12-09 09:16:12,111,,
187,14,92fcd655-ebc1-450b-a0c9-d33958d07345,沈阳铁西门诊,wenquan03,1,2019-12-09 09:16:12,111,,
188,15,92fcd655-ebc1-450b-a0c9-d33958d07345,沈阳北站医院,wenquan03,1,2019-12-09 09:16:12,111,,
189,17,92fcd655-ebc1-450b-a0c9-d33958d07345,长春临河街口腔医院,wenquan03,1,2019-12-09 09:16:12,111,,
190,18,92fcd655-ebc1-450b-a0c9-d33958d07345,长春绿园门诊,wenquan03,1,2019-12-09 09:16:12,111,,
191,19,92fcd655-ebc1-450b-a0c9-d33958d07345,长春二道门诊,wenquan03,1,2019-12-09 09:16:12,111,,
192,20,92fcd655-ebc1-450b-a0c9-d33958d07345,长春高新门诊,wenquan03,1,2019-12-09 09:16:12,111,,
193,21,92fcd655-ebc1-450b-a0c9-d33958d07345,长春红旗门诊,wenquan03,1,2019-12-09 09:16:13,111,,
194,22,92fcd655-ebc1-450b-a0c9-d33958d07345,长春经开门诊,wenquan03,1,2019-12-09 09:16:13,111,,
195,23,92fcd655-ebc1-450b-a0c9-d33958d07345,长春净月门诊,wenquan03,1,2019-12-09 09:16:13,111,,
196,24,92fcd655-ebc1-450b-a0c9-d33958d07345,长春开运门诊,wenquan03,1,2019-12-09 09:16:13,111,,
197,25,92fcd655-ebc1-450b-a0c9-d33958d07345,长春西安大路门诊,wenquan03,1,2019-12-09 09:16:13,111,,
198,26,92fcd655-ebc1-450b-a0c9-d33958d07345,长春亚泰门诊,wenquan03,1,2019-12-09 09:16:13,111,,
199,27,92fcd655-ebc1-450b-a0c9-d33958d07345,长春汽车厂门诊,wenquan03,1,2019-12-09 09:16:13,111,,
200,29,92fcd655-ebc1-450b-a0c9-d33958d07345,大连拜博口腔医院,wenquan03,1,2019-12-09 09:16:13,111,,
201,30,92fcd655-ebc1-450b-a0c9-d33958d07345,大连五一门诊,wenquan03,1,2019-12-09 09:16:13,111,,
202,31,92fcd655-ebc1-450b-a0c9-d33958d07345,大连拜博杏林街口腔门诊,wenquan03,1,2019-12-09 09:16:13,111,,
203,32,92fcd655-ebc1-450b-a0c9-d33958d07345,大连高新区门诊,wenquan03,1,2019-12-09 09:16:13,111,,
204,34,92fcd655-ebc1-450b-a0c9-d33958d07345,郑州拜博口腔惠济门诊,wenquan03,1,2019-12-09 09:16:13,111,,
205,35,92fcd655-ebc1-450b-a0c9-d33958d07345,郑州拜博口腔二七门诊,wenquan03,1,2019-12-09 09:16:13,111,,
206,36,92fcd655-ebc1-450b-a0c9-d33958d07345,郑州拜博口腔金水门诊,wenquan03,1,2019-12-09 09:16:13,111,,
207,37,92fcd655-ebc1-450b-a0c9-d33958d07345,郑州拜博口腔农业路医院,wenquan03,1,2019-12-09 09:16:13,111,,
208,38,92fcd655-ebc1-450b-a0c9-d33958d07345,郑州拜博口腔紫荆山医院,wenquan03,1,2019-12-09 09:16:13,111,,
209,39,92fcd655-ebc1-450b-a0c9-d33958d07345,洛阳拜博口腔景华门诊,wenquan03,1,2019-12-09 09:16:13,111,,
210,40,92fcd655-ebc1-450b-a0c9-d33958d07345,焦作拜博口腔解放门诊,wenquan03,1,2019-12-09 09:16:13,111,,
211,41,92fcd655-ebc1-450b-a0c9-d33958d07345,洛阳拜博口腔六和医院,wenquan03,1,2019-12-09 09:16:13,111,,
212,42,92fcd655-ebc1-450b-a0c9-d33958d07345,新乡拜博口腔卫滨门诊,wenquan03,1,2019-12-09 09:16:13,111,,
213,44,92fcd655-ebc1-450b-a0c9-d33958d07345,吉林泰康拜博口腔医院,wenquan03,1,2019-12-09 09:16:13,111,,
214,57,92fcd655-ebc1-450b-a0c9-d33958d07345,唐山拜博口腔爱琴海门诊,wenquan03,1,2019-12-09 09:16:13,111,,
215,1,92fcd655-ebc1-450b-a0c9-d33958d07345,西安泰康拜博口腔未央大明宫门诊部,yaoyt06,1,2019-12-09 09:16:35,111,,
216,4,92fcd655-ebc1-450b-a0c9-d33958d07345,西安拜博未央口腔门诊部,yaoyt06,1,2019-12-09 09:16:35,111,,
217,5,92fcd655-ebc1-450b-a0c9-d33958d07345,西安拜博未央亚美口腔门诊部,yaoyt06,1,2019-12-09 09:16:35,111,,
218,6,92fcd655-ebc1-450b-a0c9-d33958d07345,西安拜博雁塔赛格口腔门诊部,yaoyt06,1,2019-12-09 09:16:35,111,,
219,8,92fcd655-ebc1-450b-a0c9-d33958d07345,西安拜博未央亚泰口腔门诊部,yaoyt06,1,2019-12-09 09:16:35,111,,
220,9,92fcd655-ebc1-450b-a0c9-d33958d07345,西安拜博雁塔高新路口腔门诊部,yaoyt06,1,2019-12-09 09:16:35,111,,
221,11,92fcd655-ebc1-450b-a0c9-d33958d07345,沈阳龙之梦门诊,yaoyt06,1,2019-12-09 09:16:35,111,,
222,12,92fcd655-ebc1-450b-a0c9-d33958d07345,沈阳和平门诊,yaoyt06,1,2019-12-09 09:16:35,111,,
223,13,92fcd655-ebc1-450b-a0c9-d33958d07345,沈阳中街门诊,yaoyt06,1,2019-12-09 09:16:35,111,,
224,14,92fcd655-ebc1-450b-a0c9-d33958d07345,沈阳铁西门诊,yaoyt06,1,2019-12-09 09:16:35,111,,
225,15,92fcd655-ebc1-450b-a0c9-d33958d07345,沈阳北站医院,yaoyt06,1,2019-12-09 09:16:35,111,,
226,17,92fcd655-ebc1-450b-a0c9-d33958d07345,长春临河街口腔医院,yaoyt06,1,2019-12-09 09:16:35,111,,
227,18,92fcd655-ebc1-450b-a0c9-d33958d07345,长春绿园门诊,yaoyt06,1,2019-12-09 09:16:35,111,,
228,19,92fcd655-ebc1-450b-a0c9-d33958d07345,长春二道门诊,yaoyt06,1,2019-12-09 09:16:35,111,,
229,20,92fcd655-ebc1-450b-a0c9-d33958d07345,长春高新门诊,yaoyt06,1,2019-12-09 09:16:35,111,,
230,21,92fcd655-ebc1-450b-a0c9-d33958d07345,长春红旗门诊,yaoyt06,1,2019-12-09 09:16:35,111,,
231,22,92fcd655-ebc1-450b-a0c9-d33958d07345,长春经开门诊,yaoyt06,1,2019-12-09 09:16:35,111,,
232,23,92fcd655-ebc1-450b-a0c9-d33958d07345,长春净月门诊,yaoyt06,1,2019-12-09 09:16:35,111,,
233,24,92fcd655-ebc1-450b-a0c9-d33958d07345,长春开运门诊,yaoyt06,1,2019-12-09 09:16:35,111,,
234,25,92fcd655-ebc1-450b-a0c9-d33958d07345,长春西安大路门诊,yaoyt06,1,2019-12-09 09:16:35,111,,
235,26,92fcd655-ebc1-450b-a0c9-d33958d07345,长春亚泰门诊,yaoyt06,1,2019-12-09 09:16:35,111,,
236,27,92fcd655-ebc1-450b-a0c9-d33958d07345,长春汽车厂门诊,yaoyt06,1,2019-12-09 09:16:35,111,,
237,29,92fcd655-ebc1-450b-a0c9-d33958d07345,大连拜博口腔医院,yaoyt06,1,2019-12-09 09:16:35,111,,
238,30,92fcd655-ebc1-450b-a0c9-d33958d07345,大连五一门诊,yaoyt06,1,2019-12-09 09:16:35,111,,
239,31,92fcd655-ebc1-450b-a0c9-d33958d07345,大连拜博杏林街口腔门诊,yaoyt06,1,2019-12-09 09:16:35,111,,
240,32,92fcd655-ebc1-450b-a0c9-d33958d07345,大连高新区门诊,yaoyt06,1,2019-12-09 09:16:35,111,,
241,34,92fcd655-ebc1-450b-a0c9-d33958d07345,郑州拜博口腔惠济门诊,yaoyt06,1,2019-12-09 09:16:35,111,,
242,35,92fcd655-ebc1-450b-a0c9-d33958d07345,郑州拜博口腔二七门诊,yaoyt06,1,2019-12-09 09:16:35,111,,
243,36,92fcd655-ebc1-450b-a0c9-d33958d07345,郑州拜博口腔金水门诊,yaoyt06,1,2019-12-09 09:16:35,111,,
244,37,92fcd655-ebc1-450b-a0c9-d33958d07345,郑州拜博口腔农业路医院,yaoyt06,1,2019-12-09 09:16:35,111,,
245,38,92fcd655-ebc1-450b-a0c9-d33958d07345,郑州拜博口腔紫荆山医院,yaoyt06,1,2019-12-09 09:16:35,111,,
246,39,92fcd655-ebc1-450b-a0c9-d33958d07345,洛阳拜博口腔景华门诊,yaoyt06,1,2019-12-09 09:16:35,111,,
247,40,92fcd655-ebc1-450b-a0c9-d33958d07345,焦作拜博口腔解放门诊,yaoyt06,1,2019-12-09 09:16:35,111,,
248,41,92fcd655-ebc1-450b-a0c9-d33958d07345,洛阳拜博口腔六和医院,yaoyt06,1,2019-12-09 09:16:35,111,,
249,42,92fcd655-ebc1-450b-a0c9-d33958d07345,新乡拜博口腔卫滨门诊,yaoyt06,1,2019-12-09 09:16:35,111,,
250,44,92fcd655-ebc1-450b-a0c9-d33958d07345,吉林泰康拜博口腔医院,yaoyt06,1,2019-12-09 09:16:35,111,,
251,57,92fcd655-ebc1-450b-a0c9-d33958d07345,唐山拜博口腔爱琴海门诊,yaoyt06,1,2019-12-09 09:16:35,111,,
252,1,92fcd655-ebc1-450b-a0c9-d33958d07345,西安泰康拜博口腔未央大明宫门诊部,dengjiankui,1,2019-12-09 09:20:09,111,,
253,4,92fcd655-ebc1-450b-a0c9-d33958d07345,西安拜博未央口腔门诊部,dengjiankui,1,2019-12-09 09:20:09,111,,
254,5,92fcd655-ebc1-450b-a0c9-d33958d07345,西安拜博未央亚美口腔门诊部,dengjiankui,1,2019-12-09 09:20:09,111,,
255,6,92fcd655-ebc1-450b-a0c9-d33958d07345,西安拜博雁塔赛格口腔门诊部,dengjiankui,1,2019-12-09 09:20:09,111,,
256,8,92fcd655-ebc1-450b-a0c9-d33958d07345,西安拜博未央亚泰口腔门诊部,dengjiankui,1,2019-12-09 09:20:09,111,,
257,9,92fcd655-ebc1-450b-a0c9-d33958d07345,西安拜博雁塔高新路口腔门诊部,dengjiankui,1,2019-12-09 09:20:09,111,,
258,11,92fcd655-ebc1-450b-a0c9-d33958d07345,沈阳龙之梦门诊,dengjiankui,1,2019-12-09 09:20:09,111,,
259,12,92fcd655-ebc1-450b-a0c9-d33958d07345,沈阳和平门诊,dengjiankui,1,2019-12-09 09:20:09,111,,
260,13,92fcd655-ebc1-450b-a0c9-d33958d07345,沈阳中街门诊,dengjiankui,1,2019-12-09 09:20:09,111,,
261,14,92fcd655-ebc1-450b-a0c9-d33958d07345,沈阳铁西门诊,dengjiankui,1,2019-12-09 09:20:09,111,,
262,15,92fcd655-ebc1-450b-a0c9-d33958d07345,沈阳北站医院,dengjiankui,1,2019-12-09 09:20:09,111,,
263,17,92fcd655-ebc1-450b-a0c9-d33958d07345,长春临河街口腔医院,dengjiankui,1,2019-12-09 09:20:09,111,,
264,18,92fcd655-ebc1-450b-a0c9-d33958d07345,长春绿园门诊,dengjiankui,1,2019-12-09 09:20:09,111,,
265,19,92fcd655-ebc1-450b-a0c9-d33958d07345,长春二道门诊,dengjiankui,1,2019-12-09 09:20:09,111,,
266,20,92fcd655-ebc1-450b-a0c9-d33958d07345,长春高新门诊,dengjiankui,1,2019-12-09 09:20:09,111,,
267,21,92fcd655-ebc1-450b-a0c9-d33958d07345,长春红旗门诊,dengjiankui,1,2019-12-09 09:20:09,111,,
268,22,92fcd655-ebc1-450b-a0c9-d33958d07345,长春经开门诊,dengjiankui,1,2019-12-09 09:20:09,111,,
269,23,92fcd655-ebc1-450b-a0c9-d33958d07345,长春净月门诊,dengjiankui,1,2019-12-09 09:20:09,111,,
270,24,92fcd655-ebc1-450b-a0c9-d33958d07345,长春开运门诊,dengjiankui,1,2019-12-09 09:20:09,111,,
271,25,92fcd655-ebc1-450b-a0c9-d33958d07345,长春西安大路门诊,dengjiankui,1,2019-12-09 09:20:09,111,,
272,26,92fcd655-ebc1-450b-a0c9-d33958d07345,长春亚泰门诊,dengjiankui,1,2019-12-09 09:20:09,111,,
273,27,92fcd655-ebc1-450b-a0c9-d33958d07345,长春汽车厂门诊,dengjiankui,1,2019-12-09 09:20:10,111,,
274,29,92fcd655-ebc1-450b-a0c9-d33958d07345,大连拜博口腔医院,dengjiankui,1,2019-12-09 09:20:10,111,,
275,30,92fcd655-ebc1-450b-a0c9-d33958d07345,大连五一门诊,dengjiankui,1,2019-12-09 09:20:10,111,,
276,31,92fcd655-ebc1-450b-a0c9-d33958d07345,大连拜博杏林街口腔门诊,dengjiankui,1,2019-12-09 09:20:10,111,,
277,32,92fcd655-ebc1-450b-a0c9-d33958d07345,大连高新区门诊,dengjiankui,1,2019-12-09 09:20:10,111,,
278,34,92fcd655-ebc1-450b-a0c9-d33958d07345,郑州拜博口腔惠济门诊,dengjiankui,1,2019-12-09 09:20:10,111,,
279,35,92fcd655-ebc1-450b-a0c9-d33958d07345,郑州拜博口腔二七门诊,dengjiankui,1,2019-12-09 09:20:10,111,,
280,36,92fcd655-ebc1-450b-a0c9-d33958d07345,郑州拜博口腔金水门诊,dengjiankui,1,2019-12-09 09:20:10,111,,
281,37,92fcd655-ebc1-450b-a0c9-d33958d07345,郑州拜博口腔农业路医院,dengjiankui,1,2019-12-09 09:20:10,111,,
282,38,92fcd655-ebc1-450b-a0c9-d33958d07345,郑州拜博口腔紫荆山医院,dengjiankui,1,2019-12-09 09:20:10,111,,
283,39,92fcd655-ebc1-450b-a0c9-d33958d07345,洛阳拜博口腔景华门诊,dengjiankui,1,2019-12-09 09:20:10,111,,
284,40,92fcd655-ebc1-450b-a0c9-d33958d07345,焦作拜博口腔解放门诊,dengjiankui,1,2019-12-09 09:20:10,111,,
285,41,92fcd655-ebc1-450b-a0c9-d33958d07345,洛阳拜博口腔六和医院,dengjiankui,1,2019-12-09 09:20:10,111,,
286,42,92fcd655-ebc1-450b-a0c9-d33958d07345,新乡拜博口腔卫滨门诊,dengjiankui,1,2019-12-09 09:20:10,111,,
287,44,92fcd655-ebc1-450b-a0c9-d33958d07345,吉林泰康拜博口腔医院,dengjiankui,1,2019-12-09 09:20:10,111,,
288,1,92fcd655-ebc1-450b-a0c9-d33958d07345,西安泰康拜博口腔未央大明宫门诊部,yangfan107,1,2019-12-09 09:20:24,111,,
289,4,92fcd655-ebc1-450b-a0c9-d33958d07345,西安拜博未央口腔门诊部,yangfan107,1,2019-12-09 09:20:24,111,,
290,5,92fcd655-ebc1-450b-a0c9-d33958d07345,西安拜博未央亚美口腔门诊部,yangfan107,1,2019-12-09 09:20:24,111,,
291,6,92fcd655-ebc1-450b-a0c9-d33958d07345,西安拜博雁塔赛格口腔门诊部,yangfan107,1,2019-12-09 09:20:24,111,,
292,8,92fcd655-ebc1-450b-a0c9-d33958d07345,西安拜博未央亚泰口腔门诊部,yangfan107,1,2019-12-09 09:20:24,111,,
293,9,92fcd655-ebc1-450b-a0c9-d33958d07345,西安拜博雁塔高新路口腔门诊部,yangfan107,1,2019-12-09 09:20:24,111,,
294,1,92fcd655-ebc1-450b-a0c9-d33958d07345,西安泰康拜博口腔未央大明宫门诊部,zhuzhiqiang,1,2019-12-09 09:20:36,111,,
295,4,92fcd655-ebc1-450b-a0c9-d33958d07345,西安拜博未央口腔门诊部,zhuzhiqiang,1,2019-12-09 09:20:36,111,,
296,5,92fcd655-ebc1-450b-a0c9-d33958d07345,西安拜博未央亚美口腔门诊部,zhuzhiqiang,1,2019-12-09 09:20:36,111,,
297,6,92fcd655-ebc1-450b-a0c9-d33958d07345,西安拜博雁塔赛格口腔门诊部,zhuzhiqiang,1,2019-12-09 09:20:36,111,,
298,8,92fcd655-ebc1-450b-a0c9-d33958d07345,西安拜博未央亚泰口腔门诊部,zhuzhiqiang,1,2019-12-09 09:20:36,111,,
299,9,92fcd655-ebc1-450b-a0c9-d33958d07345,西安拜博雁塔高新路口腔门诊部,zhuzhiqiang,1,2019-12-09 09:20:36,111,,
300,11,92fcd655-ebc1-450b-a0c9-d33958d07345,沈阳龙之梦门诊,zhuzhiqiang,1,2019-12-09 09:20:36,111,,
301,12,92fcd655-ebc1-450b-a0c9-d33958d07345,沈阳和平门诊,zhuzhiqiang,1,2019-12-09 09:20:36,111,,
302,13,92fcd655-ebc1-450b-a0c9-d33958d07345,沈阳中街门诊,zhuzhiqiang,1,2019-12-09 09:20:36,111,,
303,14,92fcd655-ebc1-450b-a0c9-d33958d07345,沈阳铁西门诊,zhuzhiqiang,1,2019-12-09 09:20:36,111,,
304,15,92fcd655-ebc1-450b-a0c9-d33958d07345,沈阳北站医院,zhuzhiqiang,1,2019-12-09 09:20:36,111,,
305,17,92fcd655-ebc1-450b-a0c9-d33958d07345,长春临河街口腔医院,zhuzhiqiang,1,2019-12-09 09:20:36,111,,
306,18,92fcd655-ebc1-450b-a0c9-d33958d07345,长春绿园门诊,zhuzhiqiang,1,2019-12-09 09:20:36,111,,
307,19,92fcd655-ebc1-450b-a0c9-d33958d07345,长春二道门诊,zhuzhiqiang,1,2019-12-09 09:20:36,111,,
308,20,92fcd655-ebc1-450b-a0c9-d33958d07345,长春高新门诊,zhuzhiqiang,1,2019-12-09 09:20:36,111,,
309,21,92fcd655-ebc1-450b-a0c9-d33958d07345,长春红旗门诊,zhuzhiqiang,1,2019-12-09 09:20:36,111,,
310,22,92fcd655-ebc1-450b-a0c9-d33958d07345,长春经开门诊,zhuzhiqiang,1,2019-12-09 09:20:36,111,,
311,23,92fcd655-ebc1-450b-a0c9-d33958d07345,长春净月门诊,zhuzhiqiang,1,2019-12-09 09:20:36,111,,
312,24,92fcd655-ebc1-450b-a0c9-d33958d07345,长春开运门诊,zhuzhiqiang,1,2019-12-09 09:20:36,111,,
313,25,92fcd655-ebc1-450b-a0c9-d33958d07345,长春西安大路门诊,zhuzhiqiang,1,2019-12-09 09:20:36,111,,
314,26,92fcd655-ebc1-450b-a0c9-d33958d07345,长春亚泰门诊,zhuzhiqiang,1,2019-12-09 09:20:36,111,,
315,27,92fcd655-ebc1-450b-a0c9-d33958d07345,长春汽车厂门诊,zhuzhiqiang,1,2019-12-09 09:20:36,111,,
316,29,92fcd655-ebc1-450b-a0c9-d33958d07345,大连拜博口腔医院,zhuzhiqiang,1,2019-12-09 09:20:36,111,,
317,30,92fcd655-ebc1-450b-a0c9-d33958d07345,大连五一门诊,zhuzhiqiang,1,2019-12-09 09:20:36,111,,
318,31,92fcd655-ebc1-450b-a0c9-d33958d07345,大连拜博杏林街口腔门诊,zhuzhiqiang,1,2019-12-09 09:20:36,111,,
319,32,92fcd655-ebc1-450b-a0c9-d33958d07345,大连高新区门诊,zhuzhiqiang,1,2019-12-09 09:20:36,111,,
320,34,92fcd655-ebc1-450b-a0c9-d33958d07345,郑州拜博口腔惠济门诊,zhuzhiqiang,1,2019-12-09 09:20:36,111,,
321,35,92fcd655-ebc1-450b-a0c9-d33958d07345,郑州拜博口腔二七门诊,zhuzhiqiang,1,2019-12-09 09:20:36,111,,
322,36,92fcd655-ebc1-450b-a0c9-d33958d07345,郑州拜博口腔金水门诊,zhuzhiqiang,1,2019-12-09 09:20:36,111,,
323,37,92fcd655-ebc1-450b-a0c9-d33958d07345,郑州拜博口腔农业路医院,zhuzhiqiang,1,2019-12-09 09:20:36,111,,
324,38,92fcd655-ebc1-450b-a0c9-d33958d07345,郑州拜博口腔紫荆山医院,zhuzhiqiang,1,2019-12-09 09:20:36,111,,
325,39,92fcd655-ebc1-450b-a0c9-d33958d07345,洛阳拜博口腔景华门诊,zhuzhiqiang,1,2019-12-09 09:20:36,111,,
326,40,92fcd655-ebc1-450b-a0c9-d33958d07345,焦作拜博口腔解放门诊,zhuzhiqiang,1,2019-12-09 09:20:36,111,,
327,41,92fcd655-ebc1-450b-a0c9-d33958d07345,洛阳拜博口腔六和医院,zhuzhiqiang,1,2019-12-09 09:20:36,111,,
328,42,92fcd655-ebc1-450b-a0c9-d33958d07345,新乡拜博口腔卫滨门诊,zhuzhiqiang,1,2019-12-09 09:20:36,111,,
329,44,92fcd655-ebc1-450b-a0c9-d33958d07345,吉林泰康拜博口腔医院,zhuzhiqiang,1,2019-12-09 09:20:36,111,,
330,57,92fcd655-ebc1-450b-a0c9-d33958d07345,唐山拜博口腔爱琴海门诊,zhuzhiqiang,1,2019-12-09 09:20:36,111,,
331,1,92fcd655-ebc1-450b-a0c9-d33958d07345,西安泰康拜博口腔未央大明宫门诊部,lihh73,1,2019-12-09 09:20:48,111,,
332,4,92fcd655-ebc1-450b-a0c9-d33958d07345,西安拜博未央口腔门诊部,lihh73,1,2019-12-09 09:20:48,111,,
333,5,92fcd655-ebc1-450b-a0c9-d33958d07345,西安拜博未央亚美口腔门诊部,lihh73,1,2019-12-09 09:20:48,111,,
334,6,92fcd655-ebc1-450b-a0c9-d33958d07345,西安拜博雁塔赛格口腔门诊部,lihh73,1,2019-12-09 09:20:48,111,,
335,8,92fcd655-ebc1-450b-a0c9-d33958d07345,西安拜博未央亚泰口腔门诊部,lihh73,1,2019-12-09 09:20:48,111,,
336,9,92fcd655-ebc1-450b-a0c9-d33958d07345,西安拜博雁塔高新路口腔门诊部,lihh73,1,2019-12-09 09:20:48,111,,
337,11,92fcd655-ebc1-450b-a0c9-d33958d07345,沈阳龙之梦门诊,lihh73,1,2019-12-09 09:20:48,111,,
338,12,92fcd655-ebc1-450b-a0c9-d33958d07345,沈阳和平门诊,lihh73,1,2019-12-09 09:20:49,111,,
339,13,92fcd655-ebc1-450b-a0c9-d33958d07345,沈阳中街门诊,lihh73,1,2019-12-09 09:20:49,111,,
340,14,92fcd655-ebc1-450b-a0c9-d33958d07345,沈阳铁西门诊,lihh73,1,2019-12-09 09:20:49,111,,
341,15,92fcd655-ebc1-450b-a0c9-d33958d07345,沈阳北站医院,lihh73,1,2019-12-09 09:20:49,111,,
342,17,92fcd655-ebc1-450b-a0c9-d33958d07345,长春临河街口腔医院,lihh73,1,2019-12-09 09:20:49,111,,
343,18,92fcd655-ebc1-450b-a0c9-d33958d07345,长春绿园门诊,lihh73,1,2019-12-09 09:20:49,111,,
344,19,92fcd655-ebc1-450b-a0c9-d33958d07345,长春二道门诊,lihh73,1,2019-12-09 09:20:49,111,,
345,20,92fcd655-ebc1-450b-a0c9-d33958d07345,长春高新门诊,lihh73,1,2019-12-09 09:20:49,111,,
346,21,92fcd655-ebc1-450b-a0c9-d33958d07345,长春红旗门诊,lihh73,1,2019-12-09 09:20:49,111,,
347,22,92fcd655-ebc1-450b-a0c9-d33958d07345,长春经开门诊,lihh73,1,2019-12-09 09:20:49,111,,
348,23,92fcd655-ebc1-450b-a0c9-d33958d07345,长春净月门诊,lihh73,1,2019-12-09 09:20:49,111,,
349,24,92fcd655-ebc1-450b-a0c9-d33958d07345,长春开运门诊,lihh73,1,2019-12-09 09:20:49,111,,
350,25,92fcd655-ebc1-450b-a0c9-d33958d07345,长春西安大路门诊,lihh73,1,2019-12-09 09:20:49,111,,
351,26,92fcd655-ebc1-450b-a0c9-d33958d07345,长春亚泰门诊,lihh73,1,2019-12-09 09:20:49,111,,
352,27,92fcd655-ebc1-450b-a0c9-d33958d07345,长春汽车厂门诊,lihh73,1,2019-12-09 09:20:49,111,,
353,29,92fcd655-ebc1-450b-a0c9-d33958d07345,大连拜博口腔医院,lihh73,1,2019-12-09 09:20:49,111,,
354,30,92fcd655-ebc1-450b-a0c9-d33958d07345,大连五一门诊,lihh73,1,2019-12-09 09:20:49,111,,
355,31,92fcd655-ebc1-450b-a0c9-d33958d07345,大连拜博杏林街口腔门诊,lihh73,1,2019-12-09 09:20:49,111,,
356,32,92fcd655-ebc1-450b-a0c9-d33958d07345,大连高新区门诊,lihh73,1,2019-12-09 09:20:49,111,,
357,34,92fcd655-ebc1-450b-a0c9-d33958d07345,郑州拜博口腔惠济门诊,lihh73,1,2019-12-09 09:20:49,111,,
358,35,92fcd655-ebc1-450b-a0c9-d33958d07345,郑州拜博口腔二七门诊,lihh73,1,2019-12-09 09:20:49,111,,
359,36,92fcd655-ebc1-450b-a0c9-d33958d07345,郑州拜博口腔金水门诊,lihh73,1,2019-12-09 09:20:49,111,,
360,37,92fcd655-ebc1-450b-a0c9-d33958d07345,郑州拜博口腔农业路医院,lihh73,1,2019-12-09 09:20:49,111,,
361,38,92fcd655-ebc1-450b-a0c9-d33958d07345,郑州拜博口腔紫荆山医院,lihh73,1,2019-12-09 09:20:49,111,,
362,39,92fcd655-ebc1-450b-a0c9-d33958d07345,洛阳拜博口腔景华门诊,lihh73,1,2019-12-09 09:20:49,111,,
363,40,92fcd655-ebc1-450b-a0c9-d33958d07345,焦作拜博口腔解放门诊,lihh73,1,2019-12-09 09:20:49,111,,
364,41,92fcd655-ebc1-450b-a0c9-d33958d07345,洛阳拜博口腔六和医院,lihh73,1,2019-12-09 09:20:49,111,,
365,42,92fcd655-ebc1-450b-a0c9-d33958d07345,新乡拜博口腔卫滨门诊,lihh73,1,2019-12-09 09:20:49,111,,
366,44,92fcd655-ebc1-450b-a0c9-d33958d07345,吉林泰康拜博口腔医院,lihh73,1,2019-12-09 09:20:49,111,,
367,57,92fcd655-ebc1-450b-a0c9-d33958d07345,唐山拜博口腔爱琴海门诊,lihh73,1,2019-12-09 09:20:49,111,,
368,29,92fcd655-ebc1-450b-a0c9-d33958d07345,大连拜博口腔医院,zhangxf123,1,2019-12-09 09:21:32,111,,
369,30,92fcd655-ebc1-450b-a0c9-d33958d07345,大连五一门诊,zhangxf123,1,2019-12-09 09:21:32,111,,
370,31,92fcd655-ebc1-450b-a0c9-d33958d07345,大连拜博杏林街口腔门诊,zhangxf123,1,2019-12-09 09:21:32,111,,
371,32,92fcd655-ebc1-450b-a0c9-d33958d07345,大连高新区门诊,zhangxf123,1,2019-12-09 09:21:32,111,,
372,1,92fcd655-ebc1-450b-a0c9-d33958d07345,西安泰康拜博口腔未央大明宫门诊部,jiangzw09,1,2019-12-09 09:21:48,111,,
373,4,92fcd655-ebc1-450b-a0c9-d33958d07345,西安拜博未央口腔门诊部,jiangzw09,1,2019-12-09 09:21:48,111,,
374,5,92fcd655-ebc1-450b-a0c9-d33958d07345,西安拜博未央亚美口腔门诊部,jiangzw09,1,2019-12-09 09:21:48,111,,
375,6,92fcd655-ebc1-450b-a0c9-d33958d07345,西安拜博雁塔赛格口腔门诊部,jiangzw09,1,2019-12-09 09:21:48,111,,
376,8,92fcd655-ebc1-450b-a0c9-d33958d07345,西安拜博未央亚泰口腔门诊部,jiangzw09,1,2019-12-09 09:21:48,111,,
377,9,92fcd655-ebc1-450b-a0c9-d33958d07345,西安拜博雁塔高新路口腔门诊部,jiangzw09,1,2019-12-09 09:21:48,111,,
378,11,92fcd655-ebc1-450b-a0c9-d33958d07345,沈阳龙之梦门诊,jiangzw09,1,2019-12-09 09:21:48,111,,
379,12,92fcd655-ebc1-450b-a0c9-d33958d07345,沈阳和平门诊,jiangzw09,1,2019-12-09 09:21:48,111,,
380,13,92fcd655-ebc1-450b-a0c9-d33958d07345,沈阳中街门诊,jiangzw09,1,2019-12-09 09:21:48,111,,
381,14,92fcd655-ebc1-450b-a0c9-d33958d07345,沈阳铁西门诊,jiangzw09,1,2019-12-09 09:21:48,111,,
382,15,92fcd655-ebc1-450b-a0c9-d33958d07345,沈阳北站医院,jiangzw09,1,2019-12-09 09:21:48,111,,
383,17,92fcd655-ebc1-450b-a0c9-d33958d07345,长春临河街口腔医院,jiangzw09,1,2019-12-09 09:21:48,111,,
384,18,92fcd655-ebc1-450b-a0c9-d33958d07345,长春绿园门诊,jiangzw09,1,2019-12-09 09:21:48,111,,
385,19,92fcd655-ebc1-450b-a0c9-d33958d07345,长春二道门诊,jiangzw09,1,2019-12-09 09:21:48,111,,
386,20,92fcd655-ebc1-450b-a0c9-d33958d07345,长春高新门诊,jiangzw09,1,2019-12-09 09:21:48,111,,
387,21,92fcd655-ebc1-450b-a0c9-d33958d07345,长春红旗门诊,jiangzw09,1,2019-12-09 09:21:48,111,,
388,22,92fcd655-ebc1-450b-a0c9-d33958d07345,长春经开门诊,jiangzw09,1,2019-12-09 09:21:48,111,,
389,23,92fcd655-ebc1-450b-a0c9-d33958d07345,长春净月门诊,jiangzw09,1,2019-12-09 09:21:48,111,,
390,24,92fcd655-ebc1-450b-a0c9-d33958d07345,长春开运门诊,jiangzw09,1,2019-12-09 09:21:48,111,,
391,25,92fcd655-ebc1-450b-a0c9-d33958d07345,长春西安大路门诊,jiangzw09,1,2019-12-09 09:21:48,111,,
392,26,92fcd655-ebc1-450b-a0c9-d33958d07345,长春亚泰门诊,jiangzw09,1,2019-12-09 09:21:48,111,,
393,27,92fcd655-ebc1-450b-a0c9-d33958d07345,长春汽车厂门诊,jiangzw09,1,2019-12-09 09:21:48,111,,
394,29,92fcd655-ebc1-450b-a0c9-d33958d07345,大连拜博口腔医院,jiangzw09,1,2019-12-09 09:21:48,111,,
395,30,92fcd655-ebc1-450b-a0c9-d33958d07345,大连五一门诊,jiangzw09,1,2019-12-09 09:21:48,111,,
396,31,92fcd655-ebc1-450b-a0c9-d33958d07345,大连拜博杏林街口腔门诊,jiangzw09,1,2019-12-09 09:21:48,111,,
397,32,92fcd655-ebc1-450b-a0c9-d33958d07345,大连高新区门诊,jiangzw09,1,2019-12-09 09:21:48,111,,
398,34,92fcd655-ebc1-450b-a0c9-d33958d07345,郑州拜博口腔惠济门诊,jiangzw09,1,2019-12-09 09:21:48,111,,
399,35,92fcd655-ebc1-450b-a0c9-d33958d07345,郑州拜博口腔二七门诊,jiangzw09,1,2019-12-09 09:21:48,111,,
400,36,92fcd655-ebc1-450b-a0c9-d33958d07345,郑州拜博口腔金水门诊,jiangzw09,1,2019-12-09 09:21:48,111,,
401,37,92fcd655-ebc1-450b-a0c9-d33958d07345,郑州拜博口腔农业路医院,jiangzw09,1,2019-12-09 09:21:48,111,,
402,38,92fcd655-ebc1-450b-a0c9-d33958d07345,郑州拜博口腔紫荆山医院,jiangzw09,1,2019-12-09 09:21:48,111,,
403,39,92fcd655-ebc1-450b-a0c9-d33958d07345,洛阳拜博口腔景华门诊,jiangzw09,1,2019-12-09 09:21:48,111,,
404,40,92fcd655-ebc1-450b-a0c9-d33958d07345,焦作拜博口腔解放门诊,jiangzw09,1,2019-12-09 09:21:48,111,,
405,41,92fcd655-ebc1-450b-a0c9-d33958d07345,洛阳拜博口腔六和医院,jiangzw09,1,2019-12-09 09:21:48,111,,
406,42,92fcd655-ebc1-450b-a0c9-d33958d07345,新乡拜博口腔卫滨门诊,jiangzw09,1,2019-12-09 09:21:48,111,,
407,44,92fcd655-ebc1-450b-a0c9-d33958d07345,吉林泰康拜博口腔医院,jiangzw09,1,2019-12-09 09:21:48,111,,
408,1,92fcd655-ebc1-450b-a0c9-d33958d07345,西安泰康拜博口腔未央大明宫门诊部,lidi12,1,2019-12-09 09:21:57,111,,
409,4,92fcd655-ebc1-450b-a0c9-d33958d07345,西安拜博未央口腔门诊部,lidi12,1,2019-12-09 09:21:57,111,,
410,5,92fcd655-ebc1-450b-a0c9-d33958d07345,西安拜博未央亚美口腔门诊部,lidi12,1,2019-12-09 09:21:57,111,,
411,6,92fcd655-ebc1-450b-a0c9-d33958d07345,西安拜博雁塔赛格口腔门诊部,lidi12,1,2019-12-09 09:21:57,111,,
412,8,92fcd655-ebc1-450b-a0c9-d33958d07345,西安拜博未央亚泰口腔门诊部,lidi12,1,2019-12-09 09:21:57,111,,
413,9,92fcd655-ebc1-450b-a0c9-d33958d07345,西安拜博雁塔高新路口腔门诊部,lidi12,1,2019-12-09 09:21:57,111,,
414,11,92fcd655-ebc1-450b-a0c9-d33958d07345,沈阳龙之梦门诊,lidi12,1,2019-12-09 09:21:57,111,,
415,12,92fcd655-ebc1-450b-a0c9-d33958d07345,沈阳和平门诊,lidi12,1,2019-12-09 09:21:57,111,,
416,13,92fcd655-ebc1-450b-a0c9-d33958d07345,沈阳中街门诊,lidi12,1,2019-12-09 09:21:57,111,,
417,14,92fcd655-ebc1-450b-a0c9-d33958d07345,沈阳铁西门诊,lidi12,1,2019-12-09 09:21:57,111,,
418,15,92fcd655-ebc1-450b-a0c9-d33958d07345,沈阳北站医院,lidi12,1,2019-12-09 09:21:57,111,,
419,17,92fcd655-ebc1-450b-a0c9-d33958d07345,长春临河街口腔医院,lidi12,1,2019-12-09 09:21:57,111,,
420,18,92fcd655-ebc1-450b-a0c9-d33958d07345,长春绿园门诊,lidi12,1,2019-12-09 09:21:57,111,,
421,19,92fcd655-ebc1-450b-a0c9-d33958d07345,长春二道门诊,lidi12,1,2019-12-09 09:21:57,111,,
422,20,92fcd655-ebc1-450b-a0c9-d33958d07345,长春高新门诊,lidi12,1,2019-12-09 09:21:57,111,,
423,21,92fcd655-ebc1-450b-a0c9-d33958d07345,长春红旗门诊,lidi12,1,2019-12-09 09:21:57,111,,
424,22,92fcd655-ebc1-450b-a0c9-d33958d07345,长春经开门诊,lidi12,1,2019-12-09 09:21:57,111,,
425,23,92fcd655-ebc1-450b-a0c9-d33958d07345,长春净月门诊,lidi12,1,2019-12-09 09:21:57,111,,
426,24,92fcd655-ebc1-450b-a0c9-d33958d07345,长春开运门诊,lidi12,1,2019-12-09 09:21:57,111,,
427,25,92fcd655-ebc1-450b-a0c9-d33958d07345,长春西安大路门诊,lidi12,1,2019-12-09 09:21:57,111,,
428,26,92fcd655-ebc1-450b-a0c9-d33958d07345,长春亚泰门诊,lidi12,1,2019-12-09 09:21:57,111,,
429,27,92fcd655-ebc1-450b-a0c9-d33958d07345,长春汽车厂门诊,lidi12,1,2019-12-09 09:21:57,111,,
430,29,92fcd655-ebc1-450b-a0c9-d33958d07345,大连拜博口腔医院,lidi12,1,2019-12-09 09:21:57,111,,
431,30,92fcd655-ebc1-450b-a0c9-d33958d07345,大连五一门诊,lidi12,1,2019-12-09 09:21:57,111,,
432,31,92fcd655-ebc1-450b-a0c9-d33958d07345,大连拜博杏林街口腔门诊,lidi12,1,2019-12-09 09:21:57,111,,
433,32,92fcd655-ebc1-450b-a0c9-d33958d07345,大连高新区门诊,lidi12,1,2019-12-09 09:21:57,111,,
434,34,92fcd655-ebc1-450b-a0c9-d33958d07345,郑州拜博口腔惠济门诊,lidi12,1,2019-12-09 09:21:57,111,,
435,35,92fcd655-ebc1-450b-a0c9-d33958d07345,郑州拜博口腔二七门诊,lidi12,1,2019-12-09 09:21:57,111,,
436,36,92fcd655-ebc1-450b-a0c9-d33958d07345,郑州拜博口腔金水门诊,lidi12,1,2019-12-09 09:21:58,111,,
437,37,92fcd655-ebc1-450b-a0c9-d33958d07345,郑州拜博口腔农业路医院,lidi12,1,2019-12-09 09:21:58,111,,
438,38,92fcd655-ebc1-450b-a0c9-d33958d07345,郑州拜博口腔紫荆山医院,lidi12,1,2019-12-09 09:21:58,111,,
439,39,92fcd655-ebc1-450b-a0c9-d33958d07345,洛阳拜博口腔景华门诊,lidi12,1,2019-12-09 09:21:58,111,,
440,40,92fcd655-ebc1-450b-a0c9-d33958d07345,焦作拜博口腔解放门诊,lidi12,1,2019-12-09 09:21:58,111,,
441,41,92fcd655-ebc1-450b-a0c9-d33958d07345,洛阳拜博口腔六和医院,lidi12,1,2019-12-09 09:21:58,111,,
442,42,92fcd655-ebc1-450b-a0c9-d33958d07345,新乡拜博口腔卫滨门诊,lidi12,1,2019-12-09 09:21:58,111,,
443,44,92fcd655-ebc1-450b-a0c9-d33958d07345,吉林泰康拜博口腔医院,lidi12,1,2019-12-09 09:21:58,111,,
444,1,92fcd655-ebc1-450b-a0c9-d33958d07345,西安泰康拜博口腔未央大明宫门诊部,zhanghf57,1,2019-12-09 09:22:07,111,,
445,4,92fcd655-ebc1-450b-a0c9-d33958d07345,西安拜博未央口腔门诊部,zhanghf57,1,2019-12-09 09:22:07,111,,
446,5,92fcd655-ebc1-450b-a0c9-d33958d07345,西安拜博未央亚美口腔门诊部,zhanghf57,1,2019-12-09 09:22:07,111,,
447,6,92fcd655-ebc1-450b-a0c9-d33958d07345,西安拜博雁塔赛格口腔门诊部,zhanghf57,1,2019-12-09 09:22:07,111,,
448,8,92fcd655-ebc1-450b-a0c9-d33958d07345,西安拜博未央亚泰口腔门诊部,zhanghf57,1,2019-12-09 09:22:07,111,,
449,9,92fcd655-ebc1-450b-a0c9-d33958d07345,西安拜博雁塔高新路口腔门诊部,zhanghf57,1,2019-12-09 09:22:07,111,,
450,11,92fcd655-ebc1-450b-a0c9-d33958d07345,沈阳龙之梦门诊,zhanghf57,1,2019-12-09 09:22:07,111,,
451,12,92fcd655-ebc1-450b-a0c9-d33958d07345,沈阳和平门诊,zhanghf57,1,2019-12-09 09:22:07,111,,
452,13,92fcd655-ebc1-450b-a0c9-d33958d07345,沈阳中街门诊,zhanghf57,1,2019-12-09 09:22:07,111,,
453,14,92fcd655-ebc1-450b-a0c9-d33958d07345,沈阳铁西门诊,zhanghf57,1,2019-12-09 09:22:07,111,,
454,15,92fcd655-ebc1-450b-a0c9-d33958d07345,沈阳北站医院,zhanghf57,1,2019-12-09 09:22:08,111,,
455,17,92fcd655-ebc1-450b-a0c9-d33958d07345,长春临河街口腔医院,zhanghf57,1,2019-12-09 09:22:08,111,,
456,18,92fcd655-ebc1-450b-a0c9-d33958d07345,长春绿园门诊,zhanghf57,1,2019-12-09 09:22:08,111,,
457,19,92fcd655-ebc1-450b-a0c9-d33958d07345,长春二道门诊,zhanghf57,1,2019-12-09 09:22:08,111,,
458,20,92fcd655-ebc1-450b-a0c9-d33958d07345,长春高新门诊,zhanghf57,1,2019-12-09 09:22:08,111,,
459,21,92fcd655-ebc1-450b-a0c9-d33958d07345,长春红旗门诊,zhanghf57,1,2019-12-09 09:22:08,111,,
460,22,92fcd655-ebc1-450b-a0c9-d33958d07345,长春经开门诊,zhanghf57,1,2019-12-09 09:22:08,111,,
461,23,92fcd655-ebc1-450b-a0c9-d33958d07345,长春净月门诊,zhanghf57,1,2019-12-09 09:22:08,111,,
462,24,92fcd655-ebc1-450b-a0c9-d33958d07345,长春开运门诊,zhanghf57,1,2019-12-09 09:22:08,111,,
463,25,92fcd655-ebc1-450b-a0c9-d33958d07345,长春西安大路门诊,zhanghf57,1,2019-12-09 09:22:08,111,,
464,26,92fcd655-ebc1-450b-a0c9-d33958d07345,长春亚泰门诊,zhanghf57,1,2019-12-09 09:22:08,111,,
465,27,92fcd655-ebc1-450b-a0c9-d33958d07345,长春汽车厂门诊,zhanghf57,1,2019-12-09 09:22:08,111,,
466,29,92fcd655-ebc1-450b-a0c9-d33958d07345,大连拜博口腔医院,zhanghf57,1,2019-12-09 09:22:08,111,,
467,30,92fcd655-ebc1-450b-a0c9-d33958d07345,大连五一门诊,zhanghf57,1,2019-12-09 09:22:08,111,,
468,31,92fcd655-ebc1-450b-a0c9-d33958d07345,大连拜博杏林街口腔门诊,zhanghf57,1,2019-12-09 09:22:08,111,,
469,32,92fcd655-ebc1-450b-a0c9-d33958d07345,大连高新区门诊,zhanghf57,1,2019-12-09 09:22:08,111,,
470,34,92fcd655-ebc1-450b-a0c9-d33958d07345,郑州拜博口腔惠济门诊,zhanghf57,1,2019-12-09 09:22:08,111,,
471,35,92fcd655-ebc1-450b-a0c9-d33958d07345,郑州拜博口腔二七门诊,zhanghf57,1,2019-12-09 09:22:08,111,,
472,36,92fcd655-ebc1-450b-a0c9-d33958d07345,郑州拜博口腔金水门诊,zhanghf57,1,2019-12-09 09:22:08,111,,
473,37,92fcd655-ebc1-450b-a0c9-d33958d07345,郑州拜博口腔农业路医院,zhanghf57,1,2019-12-09 09:22:08,111,,
474,38,92fcd655-ebc1-450b-a0c9-d33958d07345,郑州拜博口腔紫荆山医院,zhanghf57,1,2019-12-09 09:22:08,111,,
475,39,92fcd655-ebc1-450b-a0c9-d33958d07345,洛阳拜博口腔景华门诊,zhanghf57,1,2019-12-09 09:22:08,111,,
476,40,92fcd655-ebc1-450b-a0c9-d33958d07345,焦作拜博口腔解放门诊,zhanghf57,1,2019-12-09 09:22:08,111,,
477,41,92fcd655-ebc1-450b-a0c9-d33958d07345,洛阳拜博口腔六和医院,zhanghf57,1,2019-12-09 09:22:08,111,,
478,42,92fcd655-ebc1-450b-a0c9-d33958d07345,新乡拜博口腔卫滨门诊,zhanghf57,1,2019-12-09 09:22:08,111,,
479,44,92fcd655-ebc1-450b-a0c9-d33958d07345,吉林泰康拜博口腔医院,zhanghf57,1,2019-12-09 09:22:08,111,,
480,1,92fcd655-ebc1-450b-a0c9-d33958d07345,西安泰康拜博口腔未央大明宫门诊部,sunzg11,1,2019-12-09 09:22:26,111,,
481,4,92fcd655-ebc1-450b-a0c9-d33958d07345,西安拜博未央口腔门诊部,sunzg11,1,2019-12-09 09:22:26,111,,
482,5,92fcd655-ebc1-450b-a0c9-d33958d07345,西安拜博未央亚美口腔门诊部,sunzg11,1,2019-12-09 09:22:26,111,,
483,6,92fcd655-ebc1-450b-a0c9-d33958d07345,西安拜博雁塔赛格口腔门诊部,sunzg11,1,2019-12-09 09:22:26,111,,
484,8,92fcd655-ebc1-450b-a0c9-d33958d07345,西安拜博未央亚泰口腔门诊部,sunzg11,1,2019-12-09 09:22:26,111,,
485,9,92fcd655-ebc1-450b-a0c9-d33958d07345,西安拜博雁塔高新路口腔门诊部,sunzg11,1,2019-12-09 09:22:26,111,,
486,11,92fcd655-ebc1-450b-a0c9-d33958d07345,沈阳龙之梦门诊,sunzg11,1,2019-12-09 09:22:26,111,,
487,12,92fcd655-ebc1-450b-a0c9-d33958d07345,沈阳和平门诊,sunzg11,1,2019-12-09 09:22:26,111,,
488,13,92fcd655-ebc1-450b-a0c9-d33958d07345,沈阳中街门诊,sunzg11,1,2019-12-09 09:22:26,111,,
489,14,92fcd655-ebc1-450b-a0c9-d33958d07345,沈阳铁西门诊,sunzg11,1,2019-12-09 09:22:26,111,,
490,15,92fcd655-ebc1-450b-a0c9-d33958d07345,沈阳北站医院,sunzg11,1,2019-12-09 09:22:26,111,,
491,17,92fcd655-ebc1-450b-a0c9-d33958d07345,长春临河街口腔医院,sunzg11,1,2019-12-09 09:22:26,111,,
492,18,92fcd655-ebc1-450b-a0c9-d33958d07345,长春绿园门诊,sunzg11,1,2019-12-09 09:22:26,111,,
493,19,92fcd655-ebc1-450b-a0c9-d33958d07345,长春二道门诊,sunzg11,1,2019-12-09 09:22:26,111,,
494,20,92fcd655-ebc1-450b-a0c9-d33958d07345,长春高新门诊,sunzg11,1,2019-12-09 09:22:26,111,,
495,21,92fcd655-ebc1-450b-a0c9-d33958d07345,长春红旗门诊,sunzg11,1,2019-12-09 09:22:26,111,,
496,22,92fcd655-ebc1-450b-a0c9-d33958d07345,长春经开门诊,sunzg11,1,2019-12-09 09:22:26,111,,
497,23,92fcd655-ebc1-450b-a0c9-d33958d07345,长春净月门诊,sunzg11,1,2019-12-09 09:22:26,111,,
498,24,92fcd655-ebc1-450b-a0c9-d33958d07345,长春开运门诊,sunzg11,1,2019-12-09 09:22:26,111,,
499,25,92fcd655-ebc1-450b-a0c9-d33958d07345,长春西安大路门诊,sunzg11,1,2019-12-09 09:22:26,111,,
500,26,92fcd655-ebc1-450b-a0c9-d33958d07345,长春亚泰门诊,sunzg11,1,2019-12-09 09:22:26,111,,
501,27,92fcd655-ebc1-450b-a0c9-d33958d07345,长春汽车厂门诊,sunzg11,1,2019-12-09 09:22:26,111,,
502,29,92fcd655-ebc1-450b-a0c9-d33958d07345,大连拜博口腔医院,sunzg11,1,2019-12-09 09:22:26,111,,
503,30,92fcd655-ebc1-450b-a0c9-d33958d07345,大连五一门诊,sunzg11,1,2019-12-09 09:22:26,111,,
504,31,92fcd655-ebc1-450b-a0c9-d33958d07345,大连拜博杏林街口腔门诊,sunzg11,1,2019-12-09 09:22:26,111,,
505,32,92fcd655-ebc1-450b-a0c9-d33958d07345,大连高新区门诊,sunzg11,1,2019-12-09 09:22:26,111,,
506,34,92fcd655-ebc1-450b-a0c9-d33958d07345,郑州拜博口腔惠济门诊,sunzg11,1,2019-12-09 09:22:26,111,,
507,35,92fcd655-ebc1-450b-a0c9-d33958d07345,郑州拜博口腔二七门诊,sunzg11,1,2019-12-09 09:22:26,111,,
508,36,92fcd655-ebc1-450b-a0c9-d33958d07345,郑州拜博口腔金水门诊,sunzg11,1,2019-12-09 09:22:26,111,,
509,37,92fcd655-ebc1-450b-a0c9-d33958d07345,郑州拜博口腔农业路医院,sunzg11,1,2019-12-09 09:22:26,111,,
510,38,92fcd655-ebc1-450b-a0c9-d33958d07345,郑州拜博口腔紫荆山医院,sunzg11,1,2019-12-09 09:22:26,111,,
511,39,92fcd655-ebc1-450b-a0c9-d33958d07345,洛阳拜博口腔景华门诊,sunzg11,1,2019-12-09 09:22:26,111,,
512,40,92fcd655-ebc1-450b-a0c9-d33958d07345,焦作拜博口腔解放门诊,sunzg11,1,2019-12-09 09:22:26,111,,
513,41,92fcd655-ebc1-450b-a0c9-d33958d07345,洛阳拜博口腔六和医院,sunzg11,1,2019-12-09 09:22:26,111,,
514,42,92fcd655-ebc1-450b-a0c9-d33958d07345,新乡拜博口腔卫滨门诊,sunzg11,1,2019-12-09 09:22:26,111,,
515,44,92fcd655-ebc1-450b-a0c9-d33958d07345,吉林泰康拜博口腔医院,sunzg11,1,2019-12-09 09:22:26,111,,
516,57,92fcd655-ebc1-450b-a0c9-d33958d07345,唐山拜博口腔爱琴海门诊,sunxh30,1,2019-12-09 09:23:11,111,,
517,1,92fcd655-ebc1-450b-a0c9-d33958d07345,西安泰康拜博口腔未央大明宫门诊部,niuchuang01,1,2019-12-09 09:23:33,111,,
518,4,92fcd655-ebc1-450b-a0c9-d33958d07345,西安拜博未央口腔门诊部,niuchuang01,1,2019-12-09 09:23:33,111,,
519,5,92fcd655-ebc1-450b-a0c9-d33958d07345,西安拜博未央亚美口腔门诊部,niuchuang01,1,2019-12-09 09:23:33,111,,
520,6,92fcd655-ebc1-450b-a0c9-d33958d07345,西安拜博雁塔赛格口腔门诊部,niuchuang01,1,2019-12-09 09:23:33,111,,
521,8,92fcd655-ebc1-450b-a0c9-d33958d07345,西安拜博未央亚泰口腔门诊部,niuchuang01,1,2019-12-09 09:23:33,111,,
522,9,92fcd655-ebc1-450b-a0c9-d33958d07345,西安拜博雁塔高新路口腔门诊部,niuchuang01,1,2019-12-09 09:23:33,111,,
523,11,92fcd655-ebc1-450b-a0c9-d33958d07345,沈阳龙之梦门诊,niuchuang01,1,2019-12-09 09:23:33,111,,
524,12,92fcd655-ebc1-450b-a0c9-d33958d07345,沈阳和平门诊,niuchuang01,1,2019-12-09 09:23:33,111,,
525,13,92fcd655-ebc1-450b-a0c9-d33958d07345,沈阳中街门诊,niuchuang01,1,2019-12-09 09:23:33,111,,
526,14,92fcd655-ebc1-450b-a0c9-d33958d07345,沈阳铁西门诊,niuchuang01,1,2019-12-09 09:23:33,111,,
527,15,92fcd655-ebc1-450b-a0c9-d33958d07345,沈阳北站医院,niuchuang01,1,2019-12-09 09:23:33,111,,
528,17,92fcd655-ebc1-450b-a0c9-d33958d07345,长春临河街口腔医院,niuchuang01,1,2019-12-09 09:23:33,111,,
529,18,92fcd655-ebc1-450b-a0c9-d33958d07345,长春绿园门诊,niuchuang01,1,2019-12-09 09:23:33,111,,
530,19,92fcd655-ebc1-450b-a0c9-d33958d07345,长春二道门诊,niuchuang01,1,2019-12-09 09:23:33,111,,
531,20,92fcd655-ebc1-450b-a0c9-d33958d07345,长春高新门诊,niuchuang01,1,2019-12-09 09:23:33,111,,
532,21,92fcd655-ebc1-450b-a0c9-d33958d07345,长春红旗门诊,niuchuang01,1,2019-12-09 09:23:33,111,,
533,22,92fcd655-ebc1-450b-a0c9-d33958d07345,长春经开门诊,niuchuang01,1,2019-12-09 09:23:33,111,,
534,23,92fcd655-ebc1-450b-a0c9-d33958d07345,长春净月门诊,niuchuang01,1,2019-12-09 09:23:33,111,,
535,24,92fcd655-ebc1-450b-a0c9-d33958d07345,长春开运门诊,niuchuang01,1,2019-12-09 09:23:33,111,,
536,25,92fcd655-ebc1-450b-a0c9-d33958d07345,长春西安大路门诊,niuchuang01,1,2019-12-09 09:23:33,111,,
537,26,92fcd655-ebc1-450b-a0c9-d33958d07345,长春亚泰门诊,niuchuang01,1,2019-12-09 09:23:33,111,,
538,27,92fcd655-ebc1-450b-a0c9-d33958d07345,长春汽车厂门诊,niuchuang01,1,2019-12-09 09:23:33,111,,
539,29,92fcd655-ebc1-450b-a0c9-d33958d07345,大连拜博口腔医院,niuchuang01,1,2019-12-09 09:23:33,111,,
540,30,92fcd655-ebc1-450b-a0c9-d33958d07345,大连五一门诊,niuchuang01,1,2019-12-09 09:23:33,111,,
541,31,92fcd655-ebc1-450b-a0c9-d33958d07345,大连拜博杏林街口腔门诊,niuchuang01,1,2019-12-09 09:23:33,111,,
542,32,92fcd655-ebc1-450b-a0c9-d33958d07345,大连高新区门诊,niuchuang01,1,2019-12-09 09:23:33,111,,
543,34,92fcd655-ebc1-450b-a0c9-d33958d07345,郑州拜博口腔惠济门诊,niuchuang01,1,2019-12-09 09:23:33,111,,
544,35,92fcd655-ebc1-450b-a0c9-d33958d07345,郑州拜博口腔二七门诊,niuchuang01,1,2019-12-09 09:23:33,111,,
545,36,92fcd655-ebc1-450b-a0c9-d33958d07345,郑州拜博口腔金水门诊,niuchuang01,1,2019-12-09 09:23:33,111,,
546,37,92fcd655-ebc1-450b-a0c9-d33958d07345,郑州拜博口腔农业路医院,niuchuang01,1,2019-12-09 09:23:33,111,,
547,38,92fcd655-ebc1-450b-a0c9-d33958d07345,郑州拜博口腔紫荆山医院,niuchuang01,1,2019-12-09 09:23:33,111,,
548,39,92fcd655-ebc1-450b-a0c9-d33958d07345,洛阳拜博口腔景华门诊,niuchuang01,1,2019-12-09 09:23:33,111,,
549,40,92fcd655-ebc1-450b-a0c9-d33958d07345,焦作拜博口腔解放门诊,niuchuang01,1,2019-12-09 09:23:33,111,,
550,41,92fcd655-ebc1-450b-a0c9-d33958d07345,洛阳拜博口腔六和医院,niuchuang01,1,2019-12-09 09:23:33,111,,
551,42,92fcd655-ebc1-450b-a0c9-d33958d07345,新乡拜博口腔卫滨门诊,niuchuang01,1,2019-12-09 09:23:33,111,,
552,44,92fcd655-ebc1-450b-a0c9-d33958d07345,吉林泰康拜博口腔医院,niuchuang01,1,2019-12-09 09:23:33,111,,
553,1,92fcd655-ebc1-450b-a0c9-d33958d07345,西安泰康拜博口腔未央大明宫门诊部,gengyong,1,2019-12-09 09:23:46,111,,
554,4,92fcd655-ebc1-450b-a0c9-d33958d07345,西安拜博未央口腔门诊部,gengyong,1,2019-12-09 09:23:46,111,,
555,5,92fcd655-ebc1-450b-a0c9-d33958d07345,西安拜博未央亚美口腔门诊部,gengyong,1,2019-12-09 09:23:46,111,,
556,6,92fcd655-ebc1-450b-a0c9-d33958d07345,西安拜博雁塔赛格口腔门诊部,gengyong,1,2019-12-09 09:23:46,111,,
557,8,92fcd655-ebc1-450b-a0c9-d33958d07345,西安拜博未央亚泰口腔门诊部,gengyong,1,2019-12-09 09:23:46,111,,
558,9,92fcd655-ebc1-450b-a0c9-d33958d07345,西安拜博雁塔高新路口腔门诊部,gengyong,1,2019-12-09 09:23:46,111,,
559,11,92fcd655-ebc1-450b-a0c9-d33958d07345,沈阳龙之梦门诊,gengyong,1,2019-12-09 09:23:46,111,,
560,12,92fcd655-ebc1-450b-a0c9-d33958d07345,沈阳和平门诊,gengyong,1,2019-12-09 09:23:46,111,,
561,13,92fcd655-ebc1-450b-a0c9-d33958d07345,沈阳中街门诊,gengyong,1,2019-12-09 09:23:46,111,,
562,14,92fcd655-ebc1-450b-a0c9-d33958d07345,沈阳铁西门诊,gengyong,1,2019-12-09 09:23:46,111,,
563,15,92fcd655-ebc1-450b-a0c9-d33958d07345,沈阳北站医院,gengyong,1,2019-12-09 09:23:46,111,,
564,17,92fcd655-ebc1-450b-a0c9-d33958d07345,长春临河街口腔医院,gengyong,1,2019-12-09 09:23:46,111,,
565,18,92fcd655-ebc1-450b-a0c9-d33958d07345,长春绿园门诊,gengyong,1,2019-12-09 09:23:46,111,,
566,19,92fcd655-ebc1-450b-a0c9-d33958d07345,长春二道门诊,gengyong,1,2019-12-09 09:23:46,111,,
567,20,92fcd655-ebc1-450b-a0c9-d33958d07345,长春高新门诊,gengyong,1,2019-12-09 09:23:46,111,,
568,21,92fcd655-ebc1-450b-a0c9-d33958d07345,长春红旗门诊,gengyong,1,2019-12-09 09:23:46,111,,
569,22,92fcd655-ebc1-450b-a0c9-d33958d07345,长春经开门诊,gengyong,1,2019-12-09 09:23:46,111,,
570,23,92fcd655-ebc1-450b-a0c9-d33958d07345,长春净月门诊,gengyong,1,2019-12-09 09:23:46,111,,
571,24,92fcd655-ebc1-450b-a0c9-d33958d07345,长春开运门诊,gengyong,1,2019-12-09 09:23:46,111,,
572,25,92fcd655-ebc1-450b-a0c9-d33958d07345,长春西安大路门诊,gengyong,1,2019-12-09 09:23:46,111,,
573,26,92fcd655-ebc1-450b-a0c9-d33958d07345,长春亚泰门诊,gengyong,1,2019-12-09 09:23:46,111,,
574,27,92fcd655-ebc1-450b-a0c9-d33958d07345,长春汽车厂门诊,gengyong,1,2019-12-09 09:23:46,111,,
575,29,92fcd655-ebc1-450b-a0c9-d33958d07345,大连拜博口腔医院,gengyong,1,2019-12-09 09:23:46,111,,
576,30,92fcd655-ebc1-450b-a0c9-d33958d07345,大连五一门诊,gengyong,1,2019-12-09 09:23:46,111,,
577,31,92fcd655-ebc1-450b-a0c9-d33958d07345,大连拜博杏林街口腔门诊,gengyong,1,2019-12-09 09:23:46,111,,
578,32,92fcd655-ebc1-450b-a0c9-d33958d07345,大连高新区门诊,gengyong,1,2019-12-09 09:23:46,111,,
579,34,92fcd655-ebc1-450b-a0c9-d33958d07345,郑州拜博口腔惠济门诊,gengyong,1,2019-12-09 09:23:46,111,,
580,35,92fcd655-ebc1-450b-a0c9-d33958d07345,郑州拜博口腔二七门诊,gengyong,1,2019-12-09 09:23:46,111,,
581,36,92fcd655-ebc1-450b-a0c9-d33958d07345,郑州拜博口腔金水门诊,gengyong,1,2019-12-09 09:23:46,111,,
582,37,92fcd655-ebc1-450b-a0c9-d33958d07345,郑州拜博口腔农业路医院,gengyong,1,2019-12-09 09:23:46,111,,
583,38,92fcd655-ebc1-450b-a0c9-d33958d07345,郑州拜博口腔紫荆山医院,gengyong,1,2019-12-09 09:23:46,111,,
584,39,92fcd655-ebc1-450b-a0c9-d33958d07345,洛阳拜博口腔景华门诊,gengyong,1,2019-12-09 09:23:46,111,,
585,40,92fcd655-ebc1-450b-a0c9-d33958d07345,焦作拜博口腔解放门诊,gengyong,1,2019-12-09 09:23:46,111,,
586,41,92fcd655-ebc1-450b-a0c9-d33958d07345,洛阳拜博口腔六和医院,gengyong,1,2019-12-09 09:23:46,111,,
587,42,92fcd655-ebc1-450b-a0c9-d33958d07345,新乡拜博口腔卫滨门诊,gengyong,1,2019-12-09 09:23:46,111,,
588,44,92fcd655-ebc1-450b-a0c9-d33958d07345,吉林泰康拜博口腔医院,gengyong,1,2019-12-09 09:23:46,111,,
589,1,92fcd655-ebc1-450b-a0c9-d33958d07345,西安泰康拜博口腔未央大明宫门诊部,jiaql02,1,2019-12-09 09:23:56,111,,
590,4,92fcd655-ebc1-450b-a0c9-d33958d07345,西安拜博未央口腔门诊部,jiaql02,1,2019-12-09 09:23:56,111,,
591,5,92fcd655-ebc1-450b-a0c9-d33958d07345,西安拜博未央亚美口腔门诊部,jiaql02,1,2019-12-09 09:23:57,111,,
592,6,92fcd655-ebc1-450b-a0c9-d33958d07345,西安拜博雁塔赛格口腔门诊部,jiaql02,1,2019-12-09 09:23:57,111,,
593,8,92fcd655-ebc1-450b-a0c9-d33958d07345,西安拜博未央亚泰口腔门诊部,jiaql02,1,2019-12-09 09:23:57,111,,
594,9,92fcd655-ebc1-450b-a0c9-d33958d07345,西安拜博雁塔高新路口腔门诊部,jiaql02,1,2019-12-09 09:23:57,111,,
595,11,92fcd655-ebc1-450b-a0c9-d33958d07345,沈阳龙之梦门诊,jiaql02,1,2019-12-09 09:23:57,111,,
596,12,92fcd655-ebc1-450b-a0c9-d33958d07345,沈阳和平门诊,jiaql02,1,2019-12-09 09:23:57,111,,
597,13,92fcd655-ebc1-450b-a0c9-d33958d07345,沈阳中街门诊,jiaql02,1,2019-12-09 09:23:57,111,,
598,14,92fcd655-ebc1-450b-a0c9-d33958d07345,沈阳铁西门诊,jiaql02,1,2019-12-09 09:23:57,111,,
599,15,92fcd655-ebc1-450b-a0c9-d33958d07345,沈阳北站医院,jiaql02,1,2019-12-09 09:23:57,111,,
600,17,92fcd655-ebc1-450b-a0c9-d33958d07345,长春临河街口腔医院,jiaql02,1,2019-12-09 09:23:57,111,,
601,18,92fcd655-ebc1-450b-a0c9-d33958d07345,长春绿园门诊,jiaql02,1,2019-12-09 09:23:57,111,,
602,19,92fcd655-ebc1-450b-a0c9-d33958d07345,长春二道门诊,jiaql02,1,2019-12-09 09:23:57,111,,
603,20,92fcd655-ebc1-450b-a0c9-d33958d07345,长春高新门诊,jiaql02,1,2019-12-09 09:23:57,111,,
604,21,92fcd655-ebc1-450b-a0c9-d33958d07345,长春红旗门诊,jiaql02,1,2019-12-09 09:23:57,111,,
605,22,92fcd655-ebc1-450b-a0c9-d33958d07345,长春经开门诊,jiaql02,1,2019-12-09 09:23:57,111,,
606,23,92fcd655-ebc1-450b-a0c9-d33958d07345,长春净月门诊,jiaql02,1,2019-12-09 09:23:57,111,,
607,24,92fcd655-ebc1-450b-a0c9-d33958d07345,长春开运门诊,jiaql02,1,2019-12-09 09:23:57,111,,
608,25,92fcd655-ebc1-450b-a0c9-d33958d07345,长春西安大路门诊,jiaql02,1,2019-12-09 09:23:57,111,,
609,26,92fcd655-ebc1-450b-a0c9-d33958d07345,长春亚泰门诊,jiaql02,1,2019-12-09 09:23:57,111,,
610,27,92fcd655-ebc1-450b-a0c9-d33958d07345,长春汽车厂门诊,jiaql02,1,2019-12-09 09:23:57,111,,
611,29,92fcd655-ebc1-450b-a0c9-d33958d07345,大连拜博口腔医院,jiaql02,1,2019-12-09 09:23:57,111,,
612,30,92fcd655-ebc1-450b-a0c9-d33958d07345,大连五一门诊,jiaql02,1,2019-12-09 09:23:57,111,,
613,31,92fcd655-ebc1-450b-a0c9-d33958d07345,大连拜博杏林街口腔门诊,jiaql02,1,2019-12-09 09:23:57,111,,
614,32,92fcd655-ebc1-450b-a0c9-d33958d07345,大连高新区门诊,jiaql02,1,2019-12-09 09:23:57,111,,
615,34,92fcd655-ebc1-450b-a0c9-d33958d07345,郑州拜博口腔惠济门诊,jiaql02,1,2019-12-09 09:23:57,111,,
616,35,92fcd655-ebc1-450b-a0c9-d33958d07345,郑州拜博口腔二七门诊,jiaql02,1,2019-12-09 09:23:57,111,,
617,36,92fcd655-ebc1-450b-a0c9-d33958d07345,郑州拜博口腔金水门诊,jiaql02,1,2019-12-09 09:23:57,111,,
618,37,92fcd655-ebc1-450b-a0c9-d33958d07345,郑州拜博口腔农业路医院,jiaql02,1,2019-12-09 09:23:57,111,,
619,38,92fcd655-ebc1-450b-a0c9-d33958d07345,郑州拜博口腔紫荆山医院,jiaql02,1,2019-12-09 09:23:57,111,,
620,39,92fcd655-ebc1-450b-a0c9-d33958d07345,洛阳拜博口腔景华门诊,jiaql02,1,2019-12-09 09:23:57,111,,
621,40,92fcd655-ebc1-450b-a0c9-d33958d07345,焦作拜博口腔解放门诊,jiaql02,1,2019-12-09 09:23:57,111,,
622,41,92fcd655-ebc1-450b-a0c9-d33958d07345,洛阳拜博口腔六和医院,jiaql02,1,2019-12-09 09:23:57,111,,
623,42,92fcd655-ebc1-450b-a0c9-d33958d07345,新乡拜博口腔卫滨门诊,jiaql02,1,2019-12-09 09:23:57,111,,
624,44,92fcd655-ebc1-450b-a0c9-d33958d07345,吉林泰康拜博口腔医院,jiaql02,1,2019-12-09 09:23:57,111,,
625,1,92fcd655-ebc1-450b-a0c9-d33958d07345,西安泰康拜博口腔未央大明宫门诊部,lirui66,1,2019-12-09 09:24:12,111,,
626,4,92fcd655-ebc1-450b-a0c9-d33958d07345,西安拜博未央口腔门诊部,lirui66,1,2019-12-09 09:24:12,111,,
627,5,92fcd655-ebc1-450b-a0c9-d33958d07345,西安拜博未央亚美口腔门诊部,lirui66,1,2019-12-09 09:24:12,111,,
628,6,92fcd655-ebc1-450b-a0c9-d33958d07345,西安拜博雁塔赛格口腔门诊部,lirui66,1,2019-12-09 09:24:12,111,,
629,8,92fcd655-ebc1-450b-a0c9-d33958d07345,西安拜博未央亚泰口腔门诊部,lirui66,1,2019-12-09 09:24:12,111,,
630,9,92fcd655-ebc1-450b-a0c9-d33958d07345,西安拜博雁塔高新路口腔门诊部,lirui66,1,2019-12-09 09:24:12,111,,
631,11,92fcd655-ebc1-450b-a0c9-d33958d07345,沈阳龙之梦门诊,lirui66,1,2019-12-09 09:24:12,111,,
632,12,92fcd655-ebc1-450b-a0c9-d33958d07345,沈阳和平门诊,lirui66,1,2019-12-09 09:24:13,111,,
633,13,92fcd655-ebc1-450b-a0c9-d33958d07345,沈阳中街门诊,lirui66,1,2019-12-09 09:24:13,111,,
634,14,92fcd655-ebc1-450b-a0c9-d33958d07345,沈阳铁西门诊,lirui66,1,2019-12-09 09:24:13,111,,
635,15,92fcd655-ebc1-450b-a0c9-d33958d07345,沈阳北站医院,lirui66,1,2019-12-09 09:24:13,111,,
636,17,92fcd655-ebc1-450b-a0c9-d33958d07345,长春临河街口腔医院,lirui66,1,2019-12-09 09:24:13,111,,
637,18,92fcd655-ebc1-450b-a0c9-d33958d07345,长春绿园门诊,lirui66,1,2019-12-09 09:24:13,111,,
638,19,92fcd655-ebc1-450b-a0c9-d33958d07345,长春二道门诊,lirui66,1,2019-12-09 09:24:13,111,,
639,20,92fcd655-ebc1-450b-a0c9-d33958d07345,长春高新门诊,lirui66,1,2019-12-09 09:24:13,111,,
640,21,92fcd655-ebc1-450b-a0c9-d33958d07345,长春红旗门诊,lirui66,1,2019-12-09 09:24:13,111,,
641,22,92fcd655-ebc1-450b-a0c9-d33958d07345,长春经开门诊,lirui66,1,2019-12-09 09:24:13,111,,
642,23,92fcd655-ebc1-450b-a0c9-d33958d07345,长春净月门诊,lirui66,1,2019-12-09 09:24:13,111,,
643,24,92fcd655-ebc1-450b-a0c9-d33958d07345,长春开运门诊,lirui66,1,2019-12-09 09:24:13,111,,
644,25,92fcd655-ebc1-450b-a0c9-d33958d07345,长春西安大路门诊,lirui66,1,2019-12-09 09:24:13,111,,
645,26,92fcd655-ebc1-450b-a0c9-d33958d07345,长春亚泰门诊,lirui66,1,2019-12-09 09:24:13,111,,
646,27,92fcd655-ebc1-450b-a0c9-d33958d07345,长春汽车厂门诊,lirui66,1,2019-12-09 09:24:13,111,,
647,29,92fcd655-ebc1-450b-a0c9-d33958d07345,大连拜博口腔医院,lirui66,1,2019-12-09 09:24:13,111,,
648,30,92fcd655-ebc1-450b-a0c9-d33958d07345,大连五一门诊,lirui66,1,2019-12-09 09:24:13,111,,
649,31,92fcd655-ebc1-450b-a0c9-d33958d07345,大连拜博杏林街口腔门诊,lirui66,1,2019-12-09 09:24:13,111,,
650,32,92fcd655-ebc1-450b-a0c9-d33958d07345,大连高新区门诊,lirui66,1,2019-12-09 09:24:13,111,,
651,34,92fcd655-ebc1-450b-a0c9-d33958d07345,郑州拜博口腔惠济门诊,lirui66,1,2019-12-09 09:24:13,111,,
652,35,92fcd655-ebc1-450b-a0c9-d33958d07345,郑州拜博口腔二七门诊,lirui66,1,2019-12-09 09:24:13,111,,
653,36,92fcd655-ebc1-450b-a0c9-d33958d07345,郑州拜博口腔金水门诊,lirui66,1,2019-12-09 09:24:13,111,,
654,37,92fcd655-ebc1-450b-a0c9-d33958d07345,郑州拜博口腔农业路医院,lirui66,1,2019-12-09 09:24:13,111,,
655,38,92fcd655-ebc1-450b-a0c9-d33958d07345,郑州拜博口腔紫荆山医院,lirui66,1,2019-12-09 09:24:13,111,,
656,39,92fcd655-ebc1-450b-a0c9-d33958d07345,洛阳拜博口腔景华门诊,lirui66,1,2019-12-09 09:24:13,111,,
657,40,92fcd655-ebc1-450b-a0c9-d33958d07345,焦作拜博口腔解放门诊,lirui66,1,2019-12-09 09:24:13,111,,
658,41,92fcd655-ebc1-450b-a0c9-d33958d07345,洛阳拜博口腔六和医院,lirui66,1,2019-12-09 09:24:13,111,,
659,42,92fcd655-ebc1-450b-a0c9-d33958d07345,新乡拜博口腔卫滨门诊,lirui66,1,2019-12-09 09:24:13,111,,
660,44,92fcd655-ebc1-450b-a0c9-d33958d07345,吉林泰康拜博口腔医院,lirui66,1,2019-12-09 09:24:13,111,,
661,1,92fcd655-ebc1-450b-a0c9-d33958d07345,西安泰康拜博口腔未央大明宫门诊部,aiyq03,1,2019-12-09 09:27:13,111,,
662,4,92fcd655-ebc1-450b-a0c9-d33958d07345,西安拜博未央口腔门诊部,aiyq03,1,2019-12-09 09:27:13,111,,
663,5,92fcd655-ebc1-450b-a0c9-d33958d07345,西安拜博未央亚美口腔门诊部,aiyq03,1,2019-12-09 09:27:13,111,,
664,6,92fcd655-ebc1-450b-a0c9-d33958d07345,西安拜博雁塔赛格口腔门诊部,aiyq03,1,2019-12-09 09:27:13,111,,
665,8,92fcd655-ebc1-450b-a0c9-d33958d07345,西安拜博未央亚泰口腔门诊部,aiyq03,1,2019-12-09 09:27:13,111,,
666,9,92fcd655-ebc1-450b-a0c9-d33958d07345,西安拜博雁塔高新路口腔门诊部,aiyq03,1,2019-12-09 09:27:13,111,,
667,11,92fcd655-ebc1-450b-a0c9-d33958d07345,沈阳龙之梦门诊,aiyq03,1,2019-12-09 09:27:13,111,,
668,12,92fcd655-ebc1-450b-a0c9-d33958d07345,沈阳和平门诊,aiyq03,1,2019-12-09 09:27:13,111,,
669,13,92fcd655-ebc1-450b-a0c9-d33958d07345,沈阳中街门诊,aiyq03,1,2019-12-09 09:27:13,111,,
670,14,92fcd655-ebc1-450b-a0c9-d33958d07345,沈阳铁西门诊,aiyq03,1,2019-12-09 09:27:13,111,,
671,15,92fcd655-ebc1-450b-a0c9-d33958d07345,沈阳北站医院,aiyq03,1,2019-12-09 09:27:13,111,,
672,17,92fcd655-ebc1-450b-a0c9-d33958d07345,长春临河街口腔医院,aiyq03,1,2019-12-09 09:27:13,111,,
673,18,92fcd655-ebc1-450b-a0c9-d33958d07345,长春绿园门诊,aiyq03,1,2019-12-09 09:27:13,111,,
674,19,92fcd655-ebc1-450b-a0c9-d33958d07345,长春二道门诊,aiyq03,1,2019-12-09 09:27:14,111,,
675,20,92fcd655-ebc1-450b-a0c9-d33958d07345,长春高新门诊,aiyq03,1,2019-12-09 09:27:14,111,,
676,21,92fcd655-ebc1-450b-a0c9-d33958d07345,长春红旗门诊,aiyq03,1,2019-12-09 09:27:14,111,,
677,22,92fcd655-ebc1-450b-a0c9-d33958d07345,长春经开门诊,aiyq03,1,2019-12-09 09:27:14,111,,
678,23,92fcd655-ebc1-450b-a0c9-d33958d07345,长春净月门诊,aiyq03,1,2019-12-09 09:27:14,111,,
679,24,92fcd655-ebc1-450b-a0c9-d33958d07345,长春开运门诊,aiyq03,1,2019-12-09 09:27:14,111,,
680,25,92fcd655-ebc1-450b-a0c9-d33958d07345,长春西安大路门诊,aiyq03,1,2019-12-09 09:27:14,111,,
681,26,92fcd655-ebc1-450b-a0c9-d33958d07345,长春亚泰门诊,aiyq03,1,2019-12-09 09:27:14,111,,
682,27,92fcd655-ebc1-450b-a0c9-d33958d07345,长春汽车厂门诊,aiyq03,1,2019-12-09 09:27:14,111,,
683,29,92fcd655-ebc1-450b-a0c9-d33958d07345,大连拜博口腔医院,aiyq03,1,2019-12-09 09:27:14,111,,
684,30,92fcd655-ebc1-450b-a0c9-d33958d07345,大连五一门诊,aiyq03,1,2019-12-09 09:27:14,111,,
685,31,92fcd655-ebc1-450b-a0c9-d33958d07345,大连拜博杏林街口腔门诊,aiyq03,1,2019-12-09 09:27:14,111,,
686,32,92fcd655-ebc1-450b-a0c9-d33958d07345,大连高新区门诊,aiyq03,1,2019-12-09 09:27:14,111,,
687,34,92fcd655-ebc1-450b-a0c9-d33958d07345,郑州拜博口腔惠济门诊,aiyq03,1,2019-12-09 09:27:14,111,,
688,35,92fcd655-ebc1-450b-a0c9-d33958d07345,郑州拜博口腔二七门诊,aiyq03,1,2019-12-09 09:27:14,111,,
689,36,92fcd655-ebc1-450b-a0c9-d33958d07345,郑州拜博口腔金水门诊,aiyq03,1,2019-12-09 09:27:14,111,,
690,37,92fcd655-ebc1-450b-a0c9-d33958d07345,郑州拜博口腔农业路医院,aiyq03,1,2019-12-09 09:27:14,111,,
691,38,92fcd655-ebc1-450b-a0c9-d33958d07345,郑州拜博口腔紫荆山医院,aiyq03,1,2019-12-09 09:27:14,111,,
692,39,92fcd655-ebc1-450b-a0c9-d33958d07345,洛阳拜博口腔景华门诊,aiyq03,1,2019-12-09 09:27:14,111,,
693,40,92fcd655-ebc1-450b-a0c9-d33958d07345,焦作拜博口腔解放门诊,aiyq03,1,2019-12-09 09:27:14,111,,
694,41,92fcd655-ebc1-450b-a0c9-d33958d07345,洛阳拜博口腔六和医院,aiyq03,1,2019-12-09 09:27:14,111,,
695,42,92fcd655-ebc1-450b-a0c9-d33958d07345,新乡拜博口腔卫滨门诊,aiyq03,1,2019-12-09 09:27:14,111,,
696,44,92fcd655-ebc1-450b-a0c9-d33958d07345,吉林泰康拜博口腔医院,aiyq03,1,2019-12-09 09:27:14,111,,
697,1,92fcd655-ebc1-450b-a0c9-d33958d07345,西安泰康拜博口腔未央大明宫门诊部,zhangdg16,1,2019-12-09 09:27:33,111,,
698,4,92fcd655-ebc1-450b-a0c9-d33958d07345,西安拜博未央口腔门诊部,zhangdg16,1,2019-12-09 09:27:33,111,,
699,5,92fcd655-ebc1-450b-a0c9-d33958d07345,西安拜博未央亚美口腔门诊部,zhangdg16,1,2019-12-09 09:27:34,111,,
700,6,92fcd655-ebc1-450b-a0c9-d33958d07345,西安拜博雁塔赛格口腔门诊部,zhangdg16,1,2019-12-09 09:27:34,111,,
701,8,92fcd655-ebc1-450b-a0c9-d33958d07345,西安拜博未央亚泰口腔门诊部,zhangdg16,1,2019-12-09 09:27:34,111,,
702,9,92fcd655-ebc1-450b-a0c9-d33958d07345,西安拜博雁塔高新路口腔门诊部,zhangdg16,1,2019-12-09 09:27:34,111,,
703,11,92fcd655-ebc1-450b-a0c9-d33958d07345,沈阳龙之梦门诊,zhangdg16,1,2019-12-09 09:27:34,111,,
704,12,92fcd655-ebc1-450b-a0c9-d33958d07345,沈阳和平门诊,zhangdg16,1,2019-12-09 09:27:34,111,,
705,13,92fcd655-ebc1-450b-a0c9-d33958d07345,沈阳中街门诊,zhangdg16,1,2019-12-09 09:27:34,111,,
706,14,92fcd655-ebc1-450b-a0c9-d33958d07345,沈阳铁西门诊,zhangdg16,1,2019-12-09 09:27:34,111,,
707,15,92fcd655-ebc1-450b-a0c9-d33958d07345,沈阳北站医院,zhangdg16,1,2019-12-09 09:27:34,111,,
708,17,92fcd655-ebc1-450b-a0c9-d33958d07345,长春临河街口腔医院,zhangdg16,1,2019-12-09 09:27:34,111,,
709,18,92fcd655-ebc1-450b-a0c9-d33958d07345,长春绿园门诊,zhangdg16,1,2019-12-09 09:27:34,111,,
710,19,92fcd655-ebc1-450b-a0c9-d33958d07345,长春二道门诊,zhangdg16,1,2019-12-09 09:27:34,111,,
711,20,92fcd655-ebc1-450b-a0c9-d33958d07345,长春高新门诊,zhangdg16,1,2019-12-09 09:27:34,111,,
712,21,92fcd655-ebc1-450b-a0c9-d33958d07345,长春红旗门诊,zhangdg16,1,2019-12-09 09:27:34,111,,
713,22,92fcd655-ebc1-450b-a0c9-d33958d07345,长春经开门诊,zhangdg16,1,2019-12-09 09:27:34,111,,
714,23,92fcd655-ebc1-450b-a0c9-d33958d07345,长春净月门诊,zhangdg16,1,2019-12-09 09:27:34,111,,
715,24,92fcd655-ebc1-450b-a0c9-d33958d07345,长春开运门诊,zhangdg16,1,2019-12-09 09:27:34,111,,
716,25,92fcd655-ebc1-450b-a0c9-d33958d07345,长春西安大路门诊,zhangdg16,1,2019-12-09 09:27:34,111,,
717,26,92fcd655-ebc1-450b-a0c9-d33958d07345,长春亚泰门诊,zhangdg16,1,2019-12-09 09:27:34,111,,
718,27,92fcd655-ebc1-450b-a0c9-d33958d07345,长春汽车厂门诊,zhangdg16,1,2019-12-09 09:27:34,111,,
719,29,92fcd655-ebc1-450b-a0c9-d33958d07345,大连拜博口腔医院,zhangdg16,1,2019-12-09 09:27:34,111,,
720,30,92fcd655-ebc1-450b-a0c9-d33958d07345,大连五一门诊,zhangdg16,1,2019-12-09 09:27:34,111,,
721,31,92fcd655-ebc1-450b-a0c9-d33958d07345,大连拜博杏林街口腔门诊,zhangdg16,1,2019-12-09 09:27:34,111,,
722,32,92fcd655-ebc1-450b-a0c9-d33958d07345,大连高新区门诊,zhangdg16,1,2019-12-09 09:27:34,111,,
723,34,92fcd655-ebc1-450b-a0c9-d33958d07345,郑州拜博口腔惠济门诊,zhangdg16,1,2019-12-09 09:27:34,111,,
724,35,92fcd655-ebc1-450b-a0c9-d33958d07345,郑州拜博口腔二七门诊,zhangdg16,1,2019-12-09 09:27:34,111,,
725,36,92fcd655-ebc1-450b-a0c9-d33958d07345,郑州拜博口腔金水门诊,zhangdg16,1,2019-12-09 09:27:34,111,,
726,37,92fcd655-ebc1-450b-a0c9-d33958d07345,郑州拜博口腔农业路医院,zhangdg16,1,2019-12-09 09:27:34,111,,
727,38,92fcd655-ebc1-450b-a0c9-d33958d07345,郑州拜博口腔紫荆山医院,zhangdg16,1,2019-12-09 09:27:34,111,,
728,39,92fcd655-ebc1-450b-a0c9-d33958d07345,洛阳拜博口腔景华门诊,zhangdg16,1,2019-12-09 09:27:34,111,,
729,40,92fcd655-ebc1-450b-a0c9-d33958d07345,焦作拜博口腔解放门诊,zhangdg16,1,2019-12-09 09:27:34,111,,
730,41,92fcd655-ebc1-450b-a0c9-d33958d07345,洛阳拜博口腔六和医院,zhangdg16,1,2019-12-09 09:27:34,111,,
731,42,92fcd655-ebc1-450b-a0c9-d33958d07345,新乡拜博口腔卫滨门诊,zhangdg16,1,2019-12-09 09:27:34,111,,
732,44,92fcd655-ebc1-450b-a0c9-d33958d07345,吉林泰康拜博口腔医院,zhangdg16,1,2019-12-09 09:27:34,111,,
734,57,92fcd655-ebc1-450b-a0c9-d33958d07345,唐山拜博口腔爱琴海门诊,zhongjun05,1,2019-12-10 05:49:11,111,,
