1,2000000000,X光检查治疗项目,2001000000,检查,2001000001,口腔数码CT检查,张,,,,,,,,,
2,2000000000,X光检查治疗项目,2001000000,检查,2001000002,数码全景片,张,,,,,,,,,
3,2000000000,X光检查治疗项目,2001000000,检查,2001000003,数码侧位片,张,,,,,,,,,
4,2000000000,X光检查治疗项目,2001000000,检查,2001000004,根尖片,张,,,,,,,,,
5,2000000000,X光检查治疗项目,2001000000,检查,2001000005,全口根尖片,张,,,,,,,,,
6,2000000000,X光检查治疗项目,2001000000,检查,2001000006,关节CT,次,,,,,,,,,
7,2000000000,X光检查治疗项目,2001000000,检查,2001000007,全口口腔检查,次,,,,,,,,,
8,2000000000,X光检查治疗项目,2001000000,检查,2001000008,初诊挂号费,次,,,,,,,,,
9,2000000000,X光检查治疗项目,2001000000,检查,2001000009,拆线,次,,,,,,,,,
10,2000000000,X光检查治疗项目,2001000000,检查,2001000010,复诊,次,,,,,,,,,
11,2000000000,X光检查治疗项目,2001000000,检查,2001000011,外院简单处置,次,,,,,,,,,
12,2000000000,X光检查治疗项目,2001000000,检查,2001000012,内部结算（医疗）,次,,,,,,,,,
13,2100000000,牙周,2101000000,全口牙周检查分析设计,2101000001,数字化全口牙周检查、分析（常规）,次,,,,,,,,,
14,2100000000,牙周,2101000000,全口牙周检查分析设计,2101000002,数字化全口牙周检查、分析（数字化）,次,,,,,,,,,
15,2100000000,牙周,2102000000,龈下刮治,2102000001,龈下刮治+根面平整,颗,,,,,,,,,
16,2100000000,牙周,2102000000,龈下刮治,2102000002,龈下刮治+根面平整（全口）,全口,,,,,,,,,
17,2100000000,牙周,2102000000,龈下刮治,2102000003,水激光龈下刮治（颗）,颗,,,,,,,,,
18,2100000000,牙周,2102000000,龈下刮治,2102000004,水激光龈下刮治（全口）,全口,,,,,,,,,
19,2100000000,牙周,2102000000,龈下刮治,2102000005,龈下刮治+根面平整（中/重度）,全口,,,,,,,,,
20,2100000000,牙周,2103000000,牙周翻瓣术,2103000001,翻瓣术（1-7或7-1）,区,,,,,,,,,
21,2100000000,牙周,2103000000,牙周翻瓣术,2103000002,翻瓣术（7-4或4-7或3-3）,区,,,,,,,,,
22,2100000000,牙周,2104000000,牙周治疗,2104000001,牙龈移植术,次,,,,,,,,,
23,2100000000,牙周,2104000000,牙周治疗,2104000002,结缔组织瓣移植术,次,,,,,,,,,
24,2100000000,牙周,2104000000,牙周治疗,2104000003,附着龈形成术,区,,,,,,,,,
25,2100000000,牙周,2104000000,牙周治疗,2104000004,唇颊沟加深术,次,,,,,,,,,
26,2100000000,牙周,2104000000,牙周治疗,2104000005,唇颊沟加深+牙龈移植术,次,,,,,,,,,
27,2100000000,牙周,2104000000,牙周治疗,2104000006,牙周组织再生引导术,次,,,,,,,,,
28,2100000000,牙周,2104000000,牙周治疗,2104000007,龈瘤切除术,次,,,,,,,,,
29,2100000000,牙周,2104000000,牙周治疗,2104000008,超声骨刀,次,,,,,,,,,
30,2100000000,牙周,2105000000,软组织修正术,2105000001,牙龈切除修整术,颗,,,,,,,,,
31,2100000000,牙周,2105000000,软组织修正术,2105000002,唇舌系带修整,次,,,,,,,,,
32,2100000000,牙周,2105000000,软组织修正术,2105000003,根向延伸瓣术,颗,,,,,,,,,
33,2100000000,牙周,2105000000,软组织修正术,2105000004,龈乳头再生术,颗,,,,,,,,,
34,2100000000,牙周,2105000000,软组织修正术,2105000005,显微镜龈乳头再生术,颗,,,,,,,,,
35,2100000000,牙周,2105000000,软组织修正术,2105000006,修复前软组织成型术,次,,,,,,,,,
36,2100000000,牙周,2105000000,软组织修正术,2105000007,牙周纤维环切术,颗,,,,,,,,,
37,2100000000,牙周,2106000000,种植体周围炎清理,2106000001,种植体周围炎翻瓣清创治疗,颗,,,,,,,,,
38,2100000000,牙周,2106000000,种植体周围炎清理,2106000002,种植体周围炎喷砂处理,次,,,,,,,,,
39,2100000000,牙周,2106000000,种植体周围炎清理,2106000003,种植体周围炎非手术治疗,颗,,,,,,,,,
40,2100000000,牙周,2107000000,牙周夹板固定,2107000001,3-3everstick松动牙固定,次,,,,,,,,,
41,2100000000,牙周,2107000000,牙周夹板固定,2107000002,松动牙everstick固定,颗,,,,,,,,,
42,2100000000,牙周,2108000000,冲洗上药,2108000001,派丽奥,支,,,,,,,,,
43,2100000000,牙周,2108000000,冲洗上药,2108000002,派丽奥上药（颗）,颗,,,,,,,,,
44,2100000000,牙周,2109000000,总监专家费（牙周）,2109000001,牙周总监费（全口）,全口,,,,,,,,,
45,2200000000,儿牙,2201000000,补牙（儿牙）,2201000001,进口玻璃离子,颗,,,,,,,,,
46,2200000000,儿牙,2201000000,补牙（儿牙）,2201000002,单面洞纳米树脂（儿童）,颗,,,,,,,,,
47,2200000000,儿牙,2201000000,补牙（儿牙）,2201000003,复面洞纳米树脂（儿童）,颗,,,,,,,,,
48,2200000000,儿牙,2201000000,补牙（儿牙）,2201000004,普通树脂,颗,,,,,,,,,
49,2200000000,儿牙,2202000000,拔牙（儿牙）,2202000001,乳牙拔除,颗,,,,,,,,,
50,2200000000,儿牙,2203000000,辅助耗材费用（儿牙）,2203000001,儿童开口器,次,,,,,,,,,
51,2200000000,儿牙,2204000000,根管治疗（儿牙）,2204000001,乳牙开髓,颗,,,,,,,,,
52,2200000000,儿牙,2204000000,根管治疗（儿牙）,2204000002,乳牙根管治疗(前牙),颗,,,,,,,,,
53,2200000000,儿牙,2204000000,根管治疗（儿牙）,2204000003,乳牙根管治疗(后牙/根),颗,,,,,,,,,
54,2200000000,儿牙,2204000000,根管治疗（儿牙）,2204000004,乳前牙机扩,颗,,,,,,,,,
55,2200000000,儿牙,2204000000,根管治疗（儿牙）,2204000005,乳后牙机扩,颗,,,,,,,,,
56,2200000000,儿牙,2204000000,根管治疗（儿牙）,2204000006,干尸治疗,颗,,,,,,,,,
57,2200000000,儿牙,2205000000,预成冠,2205000001,金属预成冠,颗,,,,,,,,,
58,2200000000,儿牙,2205000000,预成冠,2205000002,全瓷预成冠,颗,,,,,,,,,
59,2200000000,儿牙,2205000000,预成冠,2205000003,透明预成冠,颗,,,,,,,,,
60,2200000000,儿牙,2206000000,预防治疗（儿牙）,2206000001,全口涂氟,全口,,,,,,,,,
61,2200000000,儿牙,2206000000,预防治疗（儿牙）,2206000002,窝沟封闭术,颗,,,,,,,,,
62,2200000000,儿牙,2206000000,预防治疗（儿牙）,2206000003,龋易感性检测,次,,,,,,,,,
63,2200000000,儿牙,2207000000,间隙保持,2207000001,间隙保持器,副,,,,,,,,,
64,2200000000,儿牙,2207000000,间隙保持,2207000002,复杂间隙保持器,副,,,,,,,,,
65,2200000000,儿牙,2208000000,儿牙治疗,2208000001,唇舌系带修整术（儿牙）,例,,,,,,,,,
66,2200000000,儿牙,2208000000,儿牙治疗,2208000002,导萌术,例,,,,,,,,,
67,2200000000,儿牙,2209000000,洁牙（儿牙）,2209000001,乳牙洁治,全口,,,,,,,,,
68,2200000000,儿牙,2209000000,洁牙（儿牙）,2209000002,儿童喷砂,全口,,,,,,,,,
69,2300000000,洁牙,2301000000,基础治疗（洁牙）,2301000001,超声波洁牙,全口,,,,,,,,,
70,2300000000,洁牙,2301000000,基础治疗（洁牙）,2301000002,舒适全口洁治,全口,,,,,,,,,
71,2300000000,洁牙,2301000000,基础治疗（洁牙）,2301000003,全口喷砂去色素,全口,,,,,,,,,
72,2300000000,洁牙,2301000000,基础治疗（洁牙）,2301000004,专家深度洁牙,全口,,,,,,,,,
73,2300000000,洁牙,2302000000,美白,2302000001,椅旁美白,次,,,,,,,,,
74,2300000000,洁牙,2302000000,美白,2302000002,家庭美白,次,,,,,,,,,
75,2400000000,口内外,2401000000,补牙（口内外）,2401000001,后牙单面洞普通树脂,颗,,,,,,,,,
76,2400000000,口内外,2401000000,补牙（口内外）,2401000002,后牙单面洞纳米树脂,颗,,,,,,,,,
77,2400000000,口内外,2401000000,补牙（口内外）,2401000003,后牙复面洞纳米树脂,颗,,,,,,,,,
78,2400000000,口内外,2401000000,补牙（口内外）,2401000004,前牙单面洞纳米树脂,颗,,,,,,,,,
79,2400000000,口内外,2401000000,补牙（口内外）,2401000005,前牙复面洞纳米树脂,颗,,,,,,,,,
80,2400000000,口内外,2401000000,补牙（口内外）,2401000006,渗透树脂,颗,,,,,,,,,
81,2400000000,口内外,2401000000,补牙（口内外）,2401000007,复杂补牙,颗,,,,,,,,,
82,2400000000,口内外,2401000000,补牙（口内外）,2401000008,盖髓术,颗,,,,,,,,,
83,2400000000,口内外,2401000000,补牙（口内外）,2401000009,补牙垫底,颗,,,,,,,,,
84,2400000000,口内外,2402000000,根管治疗（口内外）,2402000001,前牙根管+根管充填,颗,,,,,,,,,
85,2400000000,口内外,2402000000,根管治疗（口内外）,2402000002,双尖牙根管+根管充填,颗,,,,,,,,,
86,2400000000,口内外,2402000000,根管治疗（口内外）,2402000003,磨牙根管+根管充填,颗,,,,,,,,,
87,2400000000,口内外,2402000000,根管治疗（口内外）,2402000004,3-3根尖切除术＋倒充术,颗,,,,,,,,,
88,2400000000,口内外,2402000000,根管治疗（口内外）,2402000005,4-5根尖切除术＋倒充术,颗,,,,,,,,,
89,2400000000,口内外,2402000000,根管治疗（口内外）,2402000006,6-7根尖切除术＋倒充术,颗,,,,,,,,,
90,2400000000,口内外,2402000000,根管治疗（口内外）,2402000007,根尖诱导成形术（颗）,颗,,,,,,,,,
91,2400000000,口内外,2402000000,根管治疗（口内外）,2402000008,根管消毒荡洗（颗）,颗,,,,,,,,,
92,2400000000,口内外,2402000000,根管治疗（口内外）,2402000009,超声去钙化,根,,,,,,,,,
93,2400000000,口内外,2402000000,根管治疗（口内外）,2402000010,i-rootsp根尖糊剂,颗,,,,,,,,,
94,2400000000,口内外,2402000000,根管治疗（口内外）,2402000011,i-rootsp根尖屏障,颗,,,,,,,,,
95,2400000000,口内外,2402000000,根管治疗（口内外）,2402000012,根管再治疗,颗,,,,,,,,,
96,2400000000,口内外,2402000000,根管治疗（口内外）,2402000013,MTA,颗,,,,,,,,,
97,2400000000,口内外,2402000000,根管治疗（口内外）,2402000014,活切,颗,,,,,,,,,
98,2400000000,口内外,2402000000,根管治疗（口内外）,2402000015,根管内漂白,颗,,,,,,,,,
99,2400000000,口内外,2402000000,根管治疗（口内外）,2402000016,根管取断针,颗,,,,,,,,,
100,2400000000,口内外,2402000000,根管治疗（口内外）,2402000017,显微镜下根管取断针,颗,,,,,,,,,
101,2400000000,口内外,2402000000,根管治疗（口内外）,2402000018,Vitapex根管充填术,颗,,,,,,,,,
102,2400000000,口内外,2402000000,根管治疗（口内外）,2402000019,开髓,颗,,,,,,,,,
103,2400000000,口内外,2402000000,根管治疗（口内外）,2402000020,橡皮障,次,,,,,,,,,
104,2400000000,口内外,2402000000,根管治疗（口内外）,2402000021,3-3专科根管治疗（机扩+大锥度牙胶尖+热凝+橡皮障＋显微镜）,颗,,,,,,,,,
105,2400000000,口内外,2402000000,根管治疗（口内外）,2402000022,4-5专科根管治疗（机扩+大锥度牙胶尖+热凝+橡皮障＋显微镜）,颗,,,,,,,,,
106,2400000000,口内外,2402000000,根管治疗（口内外）,2402000023,6-7专科根管治疗（机扩+大锥度牙胶尖+热凝+橡皮障＋显微镜）,颗,,,,,,,,,
107,2400000000,口内外,2402000000,根管治疗（口内外）,2402000024,显微镜下根管治疗,颗,,,,,,,,,
108,2400000000,口内外,2402000000,根管治疗（口内外）,2402000025,根管换药,次,,,,,,,,,
109,2400000000,口内外,2402000000,根管治疗（口内外）,2402000026,假壁,例,,,,,,,,,
110,2400000000,口内外,2402000000,根管治疗（口内外）,2402000027,脱敏术（口内外）,颗,,,,,,,,,
111,2400000000,口内外,2403000000,拔牙（口内外）,2403000001,拔除松动牙,颗,,,,,,,,,
112,2400000000,口内外,2403000000,拔牙（口内外）,2403000002,复杂牙拔除（残根，残冠，死髓牙，折裂牙，多生牙，正畸牙）,颗,,,,,,,,,
113,2400000000,口内外,2403000000,拔牙（口内外）,2403000003,简单智齿,颗,,,,,,,,,
114,2400000000,口内外,2403000000,拔牙（口内外）,2403000004,上颌低异位阻生齿,颗,,,,,,,,,
115,2400000000,口内外,2403000000,拔牙（口内外）,2403000005,下颌高异位阻生齿,颗,,,,,,,,,
116,2400000000,口内外,2403000000,拔牙（口内外）,2403000006,中异位阻生齿,颗,,,,,,,,,
117,2400000000,口内外,2403000000,拔牙（口内外）,2403000007,上颌高异位阻生齿,颗,,,,,,,,,
118,2400000000,口内外,2403000000,拔牙（口内外）,2403000008,下颌低异位阻生齿,颗,,,,,,,,,
119,2400000000,口内外,2403000000,拔牙（口内外）,2403000009,复杂异位阻生齿,颗,,,,,,,,,
120,2400000000,口内外,2403000000,拔牙（口内外）,2403000010,埋伏智齿,颗,,,,,,,,,
121,2400000000,口内外,2403000000,拔牙（口内外）,2403000011,骨埋伏牙齿,颗,,,,,,,,,
122,2400000000,口内外,2403000000,拔牙（口内外）,2403000012,前牙拔除,颗,,,,,,,,,
123,2400000000,口内外,2403000000,拔牙（口内外）,2403000013,磨牙拔除,颗,,,,,,,,,
124,2400000000,口内外,2404000000,辅助耗材及术式费用,2404000001,明胶海绵,次,,,,,,,,,
125,2400000000,口内外,2404000000,辅助耗材及术式费用,2404000002,缝合,次,,,,,,,,,
126,2400000000,口内外,2404000000,辅助耗材及术式费用,2404000003,拔牙窝骚刮,次,,,,,,,,,
127,2400000000,口内外,2404000000,辅助耗材及术式费用,2404000004,颌骨囊肿摘除术,次,,,,,,,,,
128,2400000000,口内外,2404000000,辅助耗材及术式费用,2404000005,水激光根尖切除及囊肿摘除,次,,,,,,,,,
129,2400000000,口内外,2404000000,辅助耗材及术式费用,2404000006,根尖切除及囊肿摘除,次,,,,,,,,,
130,2400000000,口内外,2405000000,冠周冲洗上药,2405000001,冠周冲洗,次,,,,,,,,,
131,2500000000,种植,2501000000,单颗种植,2501000001,瑞士ITI 瑞锆亲水种植体+标准基台,颗,,,,,,,,,
132,2500000000,种植,2501000000,单颗种植,2501000002,瑞士ITI BLT  种植体+标准基台,颗,,,,,,,,,
133,2500000000,种植,2501000000,单颗种植,2501000003,瑞士ITI 标准种植体+标准基台,颗,,,,,,,,,
134,2500000000,种植,2501000000,单颗种植,2501000004,瑞典Astra种植体+标准基台,颗,,,,,,,,,
135,2500000000,种植,2501000000,单颗种植,2501000005,瑞典NOBEL Active种植体+标准基台,颗,,,,,,,,,
136,2500000000,种植,2501000000,单颗种植,2501000006,瑞典NOBEL PCC  种植体+标准基台,颗,,,,,,,,,
137,2500000000,种植,2501000000,单颗种植,2501000007,瑞典NOBEL CC种植体+标准基台,颗,,,,,,,,,
138,2500000000,种植,2501000000,单颗种植,2501000008,瑞典NOBEL PMC  种植体+标准基台,颗,,,,,,,,,
139,2500000000,种植,2501000000,单颗种植,2501000009,德国Camlog plus种植体+标准基台,颗,,,,,,,,,
140,2500000000,种植,2501000000,单颗种植,2501000010,德国Camlog种植体+标准基台,颗,,,,,,,,,
141,2500000000,种植,2501000000,单颗种植,2501000011,法国安卓健 种植体+标准基台,颗,,,,,,,,,
142,2500000000,种植,2501000000,单颗种植,2501000012,意大利 B&B  种植体+标准基台,颗,,,,,,,,,
143,2500000000,种植,2501000000,单颗种植,2501000013,以色列ABI5种植体+标准基台,颗,,,,,,,,,
144,2500000000,种植,2501000000,单颗种植,2501000014,韩国登腾 种植体+标准基台,颗,,,,,,,,,
145,2500000000,种植,2501000000,单颗种植,2501000015,韩国Dentis 种植体+标准基台,颗,,,,,,,,,
146,2500000000,种植,2502000000,ALL-ON-4即刻负重,2502000001,瑞士ITI瑞锆亲水种植体+修复基台（AO4）,半口,,,,,,,,,
147,2500000000,种植,2502000000,ALL-ON-4即刻负重,2502000002,瑞士ITI BLT  种植体+修复基台（AO4）,半口,,,,,,,,,
148,2500000000,种植,2502000000,ALL-ON-4即刻负重,2502000003,瑞典NOBEL ACTIVE 种植体+修复基台（AO4）,半口,,,,,,,,,
149,2500000000,种植,2502000000,ALL-ON-4即刻负重,2502000004,瑞典NOBEL PCC 种植体+修复基台（AO4）,半口,,,,,,,,,
150,2500000000,种植,2502000000,ALL-ON-4即刻负重,2502000005,瑞典NOBEL CC种植体+修复基台（AO4）,半口,,,,,,,,,
151,2500000000,种植,2502000000,ALL-ON-4即刻负重,2502000006,瑞典NOBEL PMC种植体+修复基台（AO4）,半口,,,,,,,,,
152,2500000000,种植,2502000000,ALL-ON-4即刻负重,2502000007,意大利B&B 种植体+修复基台（AO4）,半口,,,,,,,,,
153,2500000000,种植,2502000000,ALL-ON-4即刻负重,2502000008,韩国登腾种植体+修复基台（AO4）,半口,,,,,,,,,
154,2500000000,种植,2502000000,ALL-ON-4即刻负重,2502000009,以色列AB 种植体+修复基台（AO4）,半口,,,,,,,,,
155,2500000000,种植,2503000000,ALL-ON-6即刻负重,2503000001,瑞士ITI瑞锆亲水种植体+修复基台（AO6）,半口,,,,,,,,,
156,2500000000,种植,2503000000,ALL-ON-6即刻负重,2503000002,瑞士 ITI BLT  种植体+修复基台（AO6）,半口,,,,,,,,,
157,2500000000,种植,2503000000,ALL-ON-6即刻负重,2503000003,瑞典ACTIVE 种植体+修复基台（AO6）,半口,,,,,,,,,
158,2500000000,种植,2503000000,ALL-ON-6即刻负重,2503000004,瑞典NOBEL PCC种植体+修复基台（AO6）,半口,,,,,,,,,
159,2500000000,种植,2503000000,ALL-ON-6即刻负重,2503000005,瑞典NOBEL CC 种植体+修复基台（AO6）,半口,,,,,,,,,
160,2500000000,种植,2503000000,ALL-ON-6即刻负重,2503000006,瑞典NOBEL PMC种植体+修复基台（AO6）,半口,,,,,,,,,
161,2500000000,种植,2503000000,ALL-ON-6即刻负重,2503000007,意大利B&B 种植体+修复基台（AO6）,半口,,,,,,,,,
162,2500000000,种植,2503000000,ALL-ON-6即刻负重,2503000008,韩国登腾种植体+修复基台（AO6）,半口,,,,,,,,,
163,2500000000,种植,2503000000,ALL-ON-6即刻负重,2503000009,以色列AB种植体+修复基台（AO6）,半口,,,,,,,,,
164,2500000000,种植,2504000000,穿颧种植,2504000001,穿颧种植术（单颗）,颗,,,,,,,,,
165,2500000000,种植,2505000000,种植体牙冠,2505000001,德国威兰德全瓷冠（种植）,颗,,,,,,,,,
166,2500000000,种植,2505000000,种植体牙冠,2505000002,3M LAVA冠/桥体,颗,,,,,,,,,
167,2500000000,种植,2505000000,种植体牙冠,2505000003,瑞典PROCERA瑞典全瓷冠,颗,,,,,,,,,
168,2500000000,种植,2505000000,种植体牙冠,2505000004,国产爱尔创搭桥,颗,,,,,,,,,
169,2500000000,种植,2505000000,种植体牙冠,2505000005,种植用钴铬合金烤瓷冠搭桥,例,,,,,,,,,
170,2500000000,种植,2506000000,种植辅助术式,2506000001,上颌窦外提升术,侧,,,,,,,,,
171,2500000000,种植,2506000000,种植辅助术式,2506000002,上颌窦内提升术,颗,,,,,,,,,
172,2500000000,种植,2506000000,种植辅助术式,2506000003,GBR植骨术,次,,,,,,,,,
173,2500000000,种植,2506000000,种植辅助术式,2506000004,进口骨粉（0.25g）,盒,,,,,,,,,
174,2500000000,种植,2506000000,种植辅助术式,2506000005,进口骨粉（0.5g）,盒,,,,,,,,,
175,2500000000,种植,2506000000,种植辅助术式,2506000006,进口骨膜（小）13*25mm,盒,,,,,,,,,
176,2500000000,种植,2506000000,种植辅助术式,2506000007,进口骨膜（大）25*25mm,盒,,,,,,,,,
177,2500000000,种植,2506000000,种植辅助术式,2506000008,国产骨粉,盒,,,,,,,,,
178,2500000000,种植,2506000000,种植辅助术式,2506000009,国产骨膜,盒,,,,,,,,,
179,2500000000,种植,2506000000,种植辅助术式,2506000010,进口胶原骨塞（小）,盒,,,,,,,,,
180,2500000000,种植,2506000000,种植辅助术式,2506000011,进口胶原骨塞（大）,盒,,,,,,,,,
181,2500000000,种植,2506000000,种植辅助术式,2506000012,可即邦胶原蛋白膜（小膜）,盒,,,,,,,,,
182,2500000000,种植,2506000000,种植辅助术式,2506000013,可即邦胶原蛋白膜（大膜）,盒,,,,,,,,,
183,2500000000,种植,2506000000,种植辅助术式,2506000014,即拔即种（手术费）,颗,,,,,,,,,
184,2500000000,种植,2506000000,种植辅助术式,2506000015,TPP种植（穿翼板种植）,侧,,,,,,,,,
185,2500000000,种植,2506000000,种植辅助术式,2506000016,拔除种植体,颗,,,,,,,,,
186,2500000000,种植,2506000000,种植辅助术式,2506000017,下牙槽神经移位术,单侧,,,,,,,,,
187,2500000000,种植,2506000000,种植辅助术式,2506000018,块状骨移植术,颗,,,,,,,,,
188,2500000000,种植,2506000000,种植辅助术式,2506000019,环状骨移植术,颗,,,,,,,,,
189,2500000000,种植,2506000000,种植辅助术式,2506000020,骨劈开术,侧,,,,,,,,,
190,2500000000,种植,2507000000,种植辅助费用,2507000001,种植手术辅助费用,次,,,,,,,,,
191,2500000000,种植,2507000000,种植辅助费用,2507000002,种植手术辅助费用（包含血常规）,次,,,,,,,,,
192,2500000000,种植,2507000000,种植辅助费用,2507000003,临时基台,颗,,,,,,,,,
193,2500000000,种植,2507000000,种植辅助费用,2507000004,瓷基台升级,颗,,,,,,,,,
194,2500000000,种植,2507000000,种植辅助费用,2507000005,钛钉,颗,,,,,,,,,
195,2500000000,种植,2507000000,种植辅助费用,2507000006,钛网/膜,个,,,,,,,,,
196,2500000000,种植,2507000000,种植辅助费用,2507000007,即刻修复义齿,例,,,,,,,,,
197,2500000000,种植,2507000000,种植辅助费用,2507000008,种植导板（单颗）,颗,,,,,,,,,
198,2500000000,种植,2507000000,种植辅助费用,2507000009,种植导板（续加）,颗,,,,,,,,,
199,2500000000,种植,2507000000,种植辅助费用,2507000010,种植导板（半口）,半口,,,,,,,,,
200,2500000000,种植,2507000000,种植辅助费用,2507000011,种植导板（全口）,全口,,,,,,,,,
201,2500000000,种植,2508000000,总监专家费（种植）,2508000001,总监种植费（单颗）,颗,,,,,,,,,
202,2500000000,种植,2508000000,总监专家费（种植）,2508000002,总监种植费（半口）,半口,,,,,,,,,
203,2500000000,种植,2509000000,术后支持,2509000001,术后支持1,次,,,,,,,,,
204,2500000000,种植,2509000000,术后支持,2509000002,术后支持2,次,,,,,,,,,
205,2500000000,种植,2509000000,术后支持,2509000003,术后支持3,次,,,,,,,,,
206,2500000000,种植,2509000000,术后支持,2509000004,种植延保方案一,次,,,,,,,,,
207,2500000000,种植,2509000000,术后支持,2509000005,种植延保方案二,次,,,,,,,,,
208,2500000000,种植,2509000000,术后支持,2509000006,种植延保方案三,次,,,,,,,,,
209,2500000000,种植,2509000000,术后支持,2509000007,种植延保方案四,次,,,,,,,,,
210,2500000000,种植,2509000000,术后支持,2509000008,种植延保方案五,次,,,,,,,,,
211,2500000000,种植,2509000000,术后支持,2509000009,种植延保方案六,次,,,,,,,,,
212,2500000000,种植,2510000000,单颗种植基台,2510000001,覆盖义齿球帽基台,副,,,,,,,,,
213,2500000000,种植,2510000000,单颗种植基台,2510000002,覆盖义齿locate基台,副,,,,,,,,,
214,2500000000,种植,2510000000,单颗种植基台,2510000003,ASC瓷基台,颗,,,,,,,,,
215,2500000000,种植,2511000000,种植体牙冠,2511000001,国产爱尔创全瓷冠（种植）,颗,,,,,,,,,
216,2500000000,种植,2511000000,种植体牙冠,2511000002,钴铬合金烤瓷冠（种植）,颗,,,,,,,,,
217,2500000000,种植,2512000000,ALL-ON-4即刻负重修复,2512000001,氧化锆支架修复（AO4）,半口,,,,,,,,,
218,2500000000,种植,2512000000,ALL-ON-4即刻负重修复,2512000002,钛支架烤塑修复（AO4）,半口,,,,,,,,,
219,2500000000,种植,2512000000,ALL-ON-4即刻负重修复,2512000003,钛支架排牙修复（AO4）,半口,,,,,,,,,
220,2500000000,种植,2513000000,ALL-ON-6即刻负重修复,2513000001,氧化锆支架修复（AO6）,半口,,,,,,,,,
221,2500000000,种植,2513000000,ALL-ON-6即刻负重修复,2513000002,钛支架烤塑修复（AO6）,半口,,,,,,,,,
222,2500000000,种植,2513000000,ALL-ON-6即刻负重修复,2513000003,钛支架排牙修复（AO6）,半口,,,,,,,,,
223,2600000000,正畸,2601000000,隐形矫正,2601000001,进口隐形矫正（全程）,全程,,,,,,,,,
224,2600000000,正畸,2601000000,隐形矫正,2601000002,国产隐形矫正双膜,全程,,,,,,,,,
225,2600000000,正畸,2601000000,隐形矫正,2601000003,国产隐形矫正单膜,全程,,,,,,,,,
226,2600000000,正畸,2601000000,隐形矫正,2601000004,国产comfos隐形矫正,全程,,,,,,,,,
227,2600000000,正畸,2601000000,隐形矫正,2601000005,粘附件,次,,,,,,,,,
228,2600000000,正畸,2602000000,固定矫正,2602000001,进口陶瓷自锁托槽全程,全程,,,,,,,,,
229,2600000000,正畸,2602000000,固定矫正,2602000002,数字化陶瓷自锁托槽全程INSIGNIA,全程,,,,,,,,,
230,2600000000,正畸,2602000000,固定矫正,2602000003,进口金属自锁,全程,,,,,,,,,
231,2600000000,正畸,2602000000,固定矫正,2602000004,AO自锁托槽全程,全程,,,,,,,,,
232,2600000000,正畸,2602000000,固定矫正,2602000005,数字化金属自锁托槽全程INSIGNIA,全程,,,,,,,,,
233,2600000000,正畸,2602000000,固定矫正,2602000006,国产舌侧隐形矫正,全程,,,,,,,,,
234,2600000000,正畸,2602000000,固定矫正,2602000007,进口舌侧隐形矫正,全程,,,,,,,,,
235,2600000000,正畸,2602000000,固定矫正,2602000008,进口直丝弓金属托槽全程,全程,,,,,,,,,
236,2600000000,正畸,2602000000,固定矫正,2602000009,国产直丝弓金属托槽全程,全程,,,,,,,,,
237,2600000000,正畸,2602000000,固定矫正,2602000010,进口支抗钉（颗）,颗,,,,,,,,,
238,2600000000,正畸,2602000000,固定矫正,2602000011,局部矫正,全程,,,,,,,,,
239,2600000000,正畸,2603000000,保持器,2603000001,透明/哈雷保持器（全口）,全口,,,,,,,,,
240,2600000000,正畸,2603000000,保持器,2603000002,进口麻花丝固定,全口,,,,,,,,,
241,2600000000,正畸,2603000000,保持器,2603000003,进口Everstick固定保持器（半口）,半口,,,,,,,,,
242,2600000000,正畸,2603000000,保持器,2603000004,隐适美保持器,半口,,,,,,,,,
243,2600000000,正畸,2604000000,儿童早期干预矫正,2604000001,MRC肌功能训练器（全程）,全程,,,,,,,,,
244,2600000000,正畸,2604000000,儿童早期干预矫正,2604000002,MRC肌功能训练器（第二副更换）,副,,,,,,,,,
245,2600000000,正畸,2604000000,儿童早期干预矫正,2604000003,进口个性化定制硅胶矫治器,全程,,,,,,,,,
246,2600000000,正畸,2604000000,儿童早期干预矫正,2604000004,进口儿童早期干预隐形矫正,全程,,,,,,,,,
247,2600000000,正畸,2604000000,儿童早期干预矫正,2604000005,国产儿童早期干预隐形矫正,全程,,,,,,,,,
248,2600000000,正畸,2604000000,儿童早期干预矫正,2604000006,一期矫正（单一矫治器）,例,,,,,,,,,
249,2600000000,正畸,2604000000,儿童早期干预矫正,2604000007,一期矫正（多种矫治器联合）,例,,,,,,,,,
250,2600000000,正畸,2604000000,儿童早期干预矫正,2604000008,扩弓器,例,,,,,,,,,
251,2600000000,正畸,2604000000,儿童早期干预矫正,2604000009,平导（儿童）,例,,,,,,,,,
252,2600000000,正畸,2605000000,矫正设计费,2605000001,隐形矫正设计费,次,,,,,,,,,
253,2600000000,正畸,2605000000,矫正设计费,2605000002,矫正方案设计费,次,,,,,,,,,
254,2600000000,正畸,2606000000,总监专家费（正畸）,2606000001,正畸总监费（全口）,次,,,,,,,,,
255,2600000000,正畸,2606000000,总监专家费（正畸）,2606000002,正畸总监费（半口）,次,,,,,,,,,
256,2600000000,正畸,2607000000,正畸辅助费用,2607000001,矫正调整,次,,,,,,,,,
257,2600000000,正畸,2607000000,正畸辅助费用,2607000002,骨性扩弓器,例,,,,,,,,,
258,2600000000,正畸,2607000000,正畸辅助费用,2607000003,矫正辅助临时冠,颗,,,,,,,,,
259,2600000000,正畸,2607000000,正畸辅助费用,2607000004,粘接单颗自锁金属托槽,颗,,,,,,,,,
260,2600000000,正畸,2607000000,正畸辅助费用,2607000005,粘接单颗陶瓷托槽,颗,,,,,,,,,
261,2600000000,正畸,2607000000,正畸辅助费用,2607000006,自锁托槽技术费,次,,,,,,,,,
262,2600000000,正畸,2607000000,正畸辅助费用,2607000007,陶瓷自锁技术费,次,,,,,,,,,
263,2700000000,修复,2701000000,全瓷冠,2701000001,瑞典全瓷冠,颗,,,,,,,,,
264,2700000000,修复,2701000000,全瓷冠,2701000002,3M LAVA全瓷冠,颗,,,,,,,,,
265,2700000000,修复,2701000000,全瓷冠,2701000003,进口全瓷冠,颗,,,,,,,,,
266,2700000000,修复,2701000000,全瓷冠,2701000004,国产爱尔创全瓷冠,颗,,,,,,,,,
267,2700000000,修复,2701000000,全瓷冠,2701000005,E-Max全瓷冠,颗,,,,,,,,,
268,2700000000,修复,2702000000,贵金属烤瓷冠,2702000001,74%金前牙贵金属烤瓷冠,颗,,,,,,,,,
269,2700000000,修复,2702000000,贵金属烤瓷冠,2702000002,74%金后牙贵金属烤瓷冠,颗,,,,,,,,,
270,2700000000,修复,2703000000,钴铬烤瓷冠,2703000001,钴铬合金烤瓷冠（颗）,颗,,,,,,,,,
271,2700000000,修复,2704000000,高嵌体(全瓷),2704000001,数字个性化德国品牌（高嵌体）,颗,,,,,,,,,
272,2700000000,修复,2704000000,高嵌体(全瓷),2704000002,进口全瓷高嵌体,颗,,,,,,,,,
273,2700000000,修复,2704000000,高嵌体(全瓷),2704000003,德国E-MAX（高嵌体）,颗,,,,,,,,,
274,2700000000,修复,2705000000,全瓷补牙嵌体,2705000001,数字个性化德国品牌（补牙嵌体）,颗,,,,,,,,,
275,2700000000,修复,2705000000,全瓷补牙嵌体,2705000002,进口全瓷补牙嵌体,颗,,,,,,,,,
276,2700000000,修复,2705000000,全瓷补牙嵌体,2705000003,进口补牙嵌体,颗,,,,,,,,,
277,2700000000,修复,2706000000,金属嵌体,2706000001,12%金钯合金嵌体,颗,,,,,,,,,
278,2700000000,修复,2706000000,金属嵌体,2706000002,51%金钯合金嵌体,颗,,,,,,,,,
279,2700000000,修复,2706000000,金属嵌体,2706000003,71%金钯合金嵌体,颗,,,,,,,,,
280,2700000000,修复,2706000000,金属嵌体,2706000004,81%金钯合金嵌体,颗,,,,,,,,,
281,2700000000,修复,2707000000,贴面,2707000001,德国超薄贴面,颗,,,,,,,,,
282,2700000000,修复,2707000000,贴面,2707000002,微贴面,颗,,,,,,,,,
283,2700000000,修复,2707000000,贴面,2707000003,烤瓷贴面,颗,,,,,,,,,
284,2700000000,修复,2707000000,贴面,2707000004,德国E-max（贴面）,颗,,,,,,,,,
285,2700000000,修复,2707000000,贴面,2707000005,E-max合贴面,颗,,,,,,,,,
286,2700000000,修复,2707000000,贴面,2707000006,烤瓷合贴面,颗,,,,,,,,,
287,2700000000,修复,2707000000,贴面,2707000007,个性化合贴面,颗,,,,,,,,,
288,2700000000,修复,2707000000,贴面,2707000008,双贴面,颗,,,,,,,,,
289,2700000000,修复,2708000000,精密附着修复,2708000001,精密附着体,副,,,,,,,,,
290,2700000000,修复,2708000000,精密附着修复,2708000002,磁性固位体,副,,,,,,,,,
291,2700000000,修复,2708000000,精密附着修复,2708000003,球帽基台,副,,,,,,,,,
292,2700000000,修复,2708000000,精密附着修复,2708000004,球帽维修安装,套,,,,,,,,,
293,2700000000,修复,2708000000,精密附着修复,2708000005,太极扣,副,,,,,,,,,
294,2700000000,修复,2708000000,精密附着修复,2708000006,套筒冠12%金,副,,,,,,,,,
295,2700000000,修复,2708000000,精密附着修复,2708000007,套筒冠51%金,副,,,,,,,,,
296,2700000000,修复,2708000000,精密附着修复,2708000008,套筒冠71%金,副,,,,,,,,,
297,2700000000,修复,2709000000,无牙颌义齿,2709000001,吸附性义齿,半口,,,,,,,,,
298,2700000000,修复,2709000000,无牙颌义齿,2709000002,纯钛基托（无牙颌义齿）,半口,,,,,,,,,
299,2700000000,修复,2709000000,无牙颌义齿,2709000003,钴铬合金基托,半口,,,,,,,,,
300,2700000000,修复,2709000000,无牙颌义齿,2709000004,树脂基托（无牙颌义齿）,半口,,,,,,,,,
301,2700000000,修复,2710000000,局部义齿,2710000001,纯钛基托（局部义齿）,例,,,,,,,,,
302,2700000000,修复,2710000000,局部义齿,2710000002,钴铬基托-小基托,例,,,,,,,,,
303,2700000000,修复,2710000000,局部义齿,2710000003,钴铬基托-中基托,例,,,,,,,,,
304,2700000000,修复,2710000000,局部义齿,2710000004,钴铬基托-大基托,例,,,,,,,,,
305,2700000000,修复,2710000000,局部义齿,2710000005,树脂基托-小基托,例,,,,,,,,,
306,2700000000,修复,2710000000,局部义齿,2710000006,树脂基托-中基托,例,,,,,,,,,
307,2700000000,修复,2710000000,局部义齿,2710000007,树脂基托-大基托,例,,,,,,,,,
308,2700000000,修复,2710000000,局部义齿,2710000008,进口Everstick粘结桥,颗,,,,,,,,,
309,2700000000,修复,2710000000,局部义齿,2710000009,马里兰桥,颗,,,,,,,,,
310,2700000000,修复,2710000000,局部义齿,2710000010,隐形义齿,例,,,,,,,,,
311,2700000000,修复,2711000000,打桩,2711000001,玻璃纤维桩核,支,,,,,,,,,
312,2700000000,修复,2711000000,打桩,2711000002,12%金钯合金（前牙）,颗,,,,,,,,,
313,2700000000,修复,2711000000,打桩,2711000003,12%金钯合金（后牙）,颗,,,,,,,,,
314,2700000000,修复,2711000000,打桩,2711000004,51%金钯合金（前牙）,颗,,,,,,,,,
315,2700000000,修复,2711000000,打桩,2711000005,51%金钯合金（后牙）,颗,,,,,,,,,
316,2700000000,修复,2711000000,打桩,2711000006,树脂桩,颗,,,,,,,,,
317,2700000000,修复,2711000000,打桩,2711000007,二氧化锆桩核,支,,,,,,,,,
318,2700000000,修复,2712000000,美学修复辅助费,2712000001,牙冠延长术,颗,,,,,,,,,
319,2700000000,修复,2712000000,美学修复辅助费,2712000002,美学贴面临时牙,颗,,,,,,,,,
320,2700000000,修复,2712000000,美学修复辅助费,2712000003,美学蜡型设计,颗,,,,,,,,,
321,2700000000,修复,2712000000,美学修复辅助费,2712000004,DSD美学设计mock up,例,,,,,,,,,
322,2700000000,修复,2713000000,辅助耗材费用（修复）,2713000001,硅橡胶取模,例,,,,,,,,,
323,2700000000,修复,2713000000,辅助耗材费用（修复）,2713000002,调颌,颗,,,,,,,,,
324,2700000000,修复,2713000000,辅助耗材费用（修复）,2713000003,临时牙,颗,,,,,,,,,
325,2700000000,修复,2713000000,辅助耗材费用（修复）,2713000004,临时牙（外加工）,颗,,,,,,,,,
326,2700000000,修复,2713000000,辅助耗材费用（修复）,2713000005,咬合记录,次,,,,,,,,,
327,2700000000,修复,2713000000,辅助耗材费用（修复）,2713000006,拆桩核,根,,,,,,,,,
328,2700000000,修复,2713000000,辅助耗材费用（修复）,2713000007,拆冠,颗,,,,,,,,,
329,2700000000,修复,2713000000,辅助耗材费用（修复）,2713000008,贴面粘结戴牙,次,,,,,,,,,
330,2700000000,修复,2713000000,辅助耗材费用（修复）,2713000009,牙冠粘结戴牙,次,,,,,,,,,
331,2700000000,修复,2713000000,辅助耗材费用（修复）,2713000010,粘冠（修复）,颗,,,,,,,,,
332,2700000000,修复,2714000000,咬合重建相关费用,2714000001,上颌架分析,次,,,,,,,,,
333,2700000000,修复,2714000000,咬合重建相关费用,2714000002,面弓转移,次,,,,,,,,,
334,2700000000,修复,2714000000,咬合重建相关费用,2714000003,简单咬合重建,次,,,,,,,,,
335,2700000000,修复,2714000000,咬合重建相关费用,2714000004,复杂咬合重建,次,,,,,,,,,
336,2700000000,修复,2715000000,合垫,2715000001,压模式夜磨牙垫,副,,,,,,,,,
337,2700000000,修复,2715000000,合垫,2715000002,合板式夜磨牙垫,副,,,,,,,,,
338,2700000000,修复,2715000000,合垫,2715000003,运动保护垫,副,,,,,,,,,
339,2700000000,修复,2715000000,合垫,2715000004,稳定性合板,副,,,,,,,,,
340,2700000000,修复,2715000000,合垫,2715000005,稳定性合板第二副,副,,,,,,,,,
341,2700000000,修复,2716000000,龈壁提升,2716000001,龈壁提升术,次,,,,,,,,,
342,2700000000,修复,2717000000,总监专家费（修复）,2717000001,修复总监费,颗,,,,,,,,,
343,2800000000,护理品,2801000000,拜博,2801000001,拜博80ml漱口水（香橙味）,支,,,,,,,,,
344,2800000000,护理品,2801000000,拜博,2801000002,拜博KISS WASH果冻装漱口水12ML*10粒,套,,,,,,,,,
345,2800000000,护理品,2801000000,拜博,2801000003,拜博两瓶装80ml漱口水（香橙味）,支,,,,,,,,,
346,2800000000,护理品,2801000000,拜博,2801000004,拜博抑菌漱口水（300ML）,瓶,,,,,,,,,
347,2800000000,护理品,2801000000,拜博,2801000005,拜博成人电动牙刷,把,,,,,,,,,
348,2800000000,护理品,2801000000,拜博,2801000006,拜博儿童电动牙刷,把,,,,,,,,,
349,2800000000,护理品,2801000000,拜博,2801000007,拜博成人电动牙刷刷头,个,,,,,,,,,
350,2800000000,护理品,2801000000,拜博,2801000008,拜博儿童电动牙刷刷头,个,,,,,,,,,
351,2800000000,护理品,2801000000,拜博,2801000009,拜博儿童牙刷（3-6岁）,把,,,,,,,,,
352,2800000000,护理品,2801000000,拜博,2801000010,拜博儿童牙刷（6-12岁）,把,,,,,,,,,
353,2800000000,护理品,2801000000,拜博,2801000011,拜博便携式冲牙器,台,,,,,,,,,
354,2800000000,护理品,2801000000,拜博,2801000012,拜博台式冲牙器,台,,,,,,,,,
355,2800000000,护理品,2801000000,拜博,2801000013,拜博便携冲牙器喷头,个,,,,,,,,,
356,2800000000,护理品,2801000000,拜博,2801000014,拜博台式冲牙器喷头,个,,,,,,,,,
357,2800000000,护理品,2801000000,拜博,2801000015,拜博儿童水果味牙膏（草莓味50g）,支,,,,,,,,,
358,2800000000,护理品,2801000000,拜博,2801000016,拜博儿童水果味牙膏（香橙味50g）,支,,,,,,,,,
359,2800000000,护理品,2801000000,拜博,2801000017,内部结算,个,,,,,,,,,
360,2900000000,正畸中心,2901000000,沈刚,2901000001,进口金属自锁托槽（沈刚）,全程,,,,,,,,,
361,2900000000,正畸中心,2901000000,沈刚,2901000002,进口陶瓷自锁托槽（沈刚）,全程,,,,,,,,,
362,2900000000,正畸中心,2901000000,沈刚,2901000003,进口隐形矫正（沈刚）,全程,,,,,,,,,
363,2900000000,正畸中心,2901000000,沈刚,2901000004,正雅普通隐形矫正,全程,,,,,,,,,
364,2900000000,正畸中心,2901000000,沈刚,2901000005,正雅矫形隐形矫正,全程,,,,,,,,,
365,2900000000,正畸中心,2901000000,沈刚,2901000006,专家挂号费,次,,,,,,,,,
366,2900000000,正畸中心,2901000000,沈刚,2901000007,专家设计费,次,,,,,,,,,
367,2900000000,正畸中心,2902000000,沈刚教授团队,2902000001,进口金属自锁托槽,全程,,,,,,,,,
368,2900000000,正畸中心,2902000000,沈刚教授团队,2902000002,进口数字化金属自锁托槽INSIGNIA,全程,,,,,,,,,
369,2900000000,正畸中心,2902000000,沈刚教授团队,2902000003,进口陶瓷自锁托槽,全程,,,,,,,,,
370,2900000000,正畸中心,2902000000,沈刚教授团队,2902000004,进口透明陶瓷自锁托槽,全程,,,,,,,,,
371,2900000000,正畸中心,2902000000,沈刚教授团队,2902000005,进口单晶陶瓷自锁托槽,全程,,,,,,,,,
372,2900000000,正畸中心,2902000000,沈刚教授团队,2902000006,进口数字化陶瓷自锁托槽,全程,,,,,,,,,
373,2900000000,正畸中心,2902000000,沈刚教授团队,2902000007,国产隐形矫正材料费,次,,,,,,,,,
374,2900000000,正畸中心,2902000000,沈刚教授团队,2902000008,进口隐形矫正材料费,次,,,,,,,,,
375,2900000000,正畸中心,2902000000,沈刚教授团队,2902000009,隐形矫正诊疗难度费,全程,,,,,,,,,
376,2900000000,正畸中心,2902000000,沈刚教授团队,2902000010,国产隐形矫正全程,全程,,,,,,,,,
377,2900000000,正畸中心,2902000000,沈刚教授团队,2902000011,国产隐形矫正全程（总监）,全程,,,,,,,,,
378,2900000000,正畸中心,2902000000,沈刚教授团队,2902000012,进口隐形矫正全程,全程,,,,,,,,,
379,2900000000,正畸中心,2902000000,沈刚教授团队,2902000013,进口隐形矫正全程（总监）,全程,,,,,,,,,
380,2900000000,正畸中心,2902000000,沈刚教授团队,2902000014,E-BRACE舌侧矫正,全程,,,,,,,,,
381,2900000000,正畸中心,2902000000,沈刚教授团队,2902000015,3M舌侧矫正,全程,,,,,,,,,
382,2900000000,正畸中心,2903000000,正畸辅助治疗费,2903000001,平导（昌仁）,个,,,,,,,,,
383,2900000000,正畸中心,2903000000,正畸辅助治疗费,2903000002,外科手术辅助扩弓,次,,,,,,,,,
384,2900000000,正畸中心,2903000000,正畸辅助治疗费,2903000003,隐形SGTB,例,,,,,,,,,
385,2900000000,正畸中心,2903000000,正畸辅助治疗费,2903000004,Herbst,例,,,,,,,,,
386,2900000000,正畸中心,2903000000,正畸辅助治疗费,2903000005,前方牵引,全程,,,,,,,,,
387,2900000000,正畸中心,2903000000,正畸辅助治疗费,2903000006,TMJ合板,例,,,,,,,,,
388,2900000000,正畸中心,2903000000,正畸辅助治疗费,2903000007,复杂病例费（沈刚）,次,,,,,,,,,
389,2900000000,正畸中心,2903000000,正畸辅助治疗费,2903000008,复杂病例费,次,,,,,,,,,
390,2900000000,正畸中心,2903000000,正畸辅助治疗费,2903000009,儿童早期干预（沈刚）,次,,,,,,,,,
391,2900000000,正畸中心,2903000000,正畸辅助治疗费,2903000010,儿童早期干预,次,,,,,,,,,
392,2900000000,正畸中心,2903000000,正畸辅助治疗费,2903000011,儿童口颌异常早期干预,全程,,,,,,,,,
393,2900000000,正畸中心,2903000000,正畸辅助治疗费,2903000012,成人口颌异常习惯破除,全程,,,,,,,,,
394,3000000000,舒适诊疗辅助,3001000000,辅助项目,3001000001,无痛麻醉费,次,,,,,,,,,
395,3000000000,舒适诊疗辅助,3001000000,辅助项目,3001000002,儿童喉罩吸入式全身麻醉,次,,,,,,,,,
396,3000000000,舒适诊疗辅助,3001000000,辅助项目,3001000003,笑气,次,,,,,,,,,
397,3000000000,舒适诊疗辅助,3001000000,辅助项目,3001000004,局部麻醉费,支,,,,,,,,,
398,3000000000,舒适诊疗辅助,3001000000,辅助项目,3001000005,静脉舒适麻醉,次,,,,,,,,,
399,3000000000,舒适诊疗辅助,3001000000,辅助项目,3001000006,心电监护,次,,,,,,,,,
