1,1,1,6,1,,dc3891fb229145bf9f82741807cce24a,文泉,2020-08-11 15:39:30,,,,BB
2,1,1,6,1,,dc3891fb229145bf9f82741807cce24a,文泉,2020-08-11 15:39:30,,,,BB
3,1,1,6,1,,dc3891fb229145bf9f82741807cce24a,文泉,2020-08-11 15:39:30,,,,BB
4,1,1,6,1,,dc3891fb229145bf9f82741807cce24a,文泉,2020-08-11 15:39:30,,,,BB
5,1,1,6,1,,dc3891fb229145bf9f82741807cce24a,文泉,2020-08-11 15:39:30,,,,BB
6,1,1,6,1,,dc3891fb229145bf9f82741807cce24a,文泉,2020-08-11 15:39:30,,,,BB
7,1,1,6,1,,dc3891fb229145bf9f82741807cce24a,文泉,2020-08-11 15:39:30,,,,BB
8,1,1,6,1,,dc3891fb229145bf9f82741807cce24a,文泉,2020-08-11 15:39:30,,,,BB
9,1,1,6,1,,dc3891fb229145bf9f82741807cce24a,文泉,2020-08-11 15:39:30,,,,BB
10,1,1,6,1,,dc3891fb229145bf9f82741807cce24a,文泉,2020-08-11 15:39:30,,,,BB
11,1,1,6,1,,dc3891fb229145bf9f82741807cce24a,文泉,2020-08-11 15:39:30,,,,BB
12,1,1,6,1,,dc3891fb229145bf9f82741807cce24a,文泉,2020-08-11 15:39:30,,,,BB
13,1,1,6,1,,dc3891fb229145bf9f82741807cce24a,文泉,2020-08-11 15:39:30,,,,BB
14,1,1,6,1,,dc3891fb229145bf9f82741807cce24a,文泉,2020-08-11 15:39:30,,,,BB
15,1,1,6,1,,dc3891fb229145bf9f82741807cce24a,文泉,2020-08-11 15:39:30,,,,BB
16,1,1,6,1,,dc3891fb229145bf9f82741807cce24a,文泉,2020-08-11 15:39:30,,,,BB
17,1,1,6,1,,dc3891fb229145bf9f82741807cce24a,文泉,2020-08-11 15:39:30,,,,BB
18,1,1,6,1,,dc3891fb229145bf9f82741807cce24a,文泉,2020-08-11 15:39:30,,,,BB
19,1,1,6,1,,dc3891fb229145bf9f82741807cce24a,文泉,2020-08-11 15:39:30,,,,BB
20,1,1,6,1,,dc3891fb229145bf9f82741807cce24a,文泉,2020-08-11 15:39:30,,,,BB
21,1,1,6,1,,dc3891fb229145bf9f82741807cce24a,文泉,2020-08-11 15:39:30,,,,BB
22,1,1,6,1,,dc3891fb229145bf9f82741807cce24a,文泉,2020-08-11 15:39:30,,,,BB
23,1,1,6,1,,dc3891fb229145bf9f82741807cce24a,文泉,2020-08-11 15:39:30,,,,BB
24,1,1,6,1,,dc3891fb229145bf9f82741807cce24a,文泉,2020-08-11 15:39:30,,,,BB
25,1,1,6,1,,dc3891fb229145bf9f82741807cce24a,文泉,2020-08-11 15:39:30,,,,BB
26,1,1,6,1,,dc3891fb229145bf9f82741807cce24a,文泉,2020-08-11 15:39:30,,,,BB
27,1,1,6,1,,dc3891fb229145bf9f82741807cce24a,文泉,2020-08-11 15:39:30,,,,BB
28,1,1,6,1,,dc3891fb229145bf9f82741807cce24a,文泉,2020-08-11 15:39:30,,,,BB
29,1,1,6,1,,dc3891fb229145bf9f82741807cce24a,文泉,2020-08-11 15:39:30,,,,BB
30,1,1,6,1,,dc3891fb229145bf9f82741807cce24a,文泉,2020-08-11 15:39:30,,,,BB
31,1,1,6,1,,dc3891fb229145bf9f82741807cce24a,文泉,2020-08-11 15:39:30,,,,BB
32,1,1,6,1,,dc3891fb229145bf9f82741807cce24a,文泉,2020-08-11 15:39:30,,,,BB
33,1,1,6,1,,dc3891fb229145bf9f82741807cce24a,文泉,2020-08-11 15:39:30,,,,BB
34,1,1,6,1,,dc3891fb229145bf9f82741807cce24a,文泉,2020-08-11 15:39:30,,,,BB
35,1,1,6,1,,dc3891fb229145bf9f82741807cce24a,文泉,2020-08-11 15:39:30,,,,BB
36,1,1,6,1,,dc3891fb229145bf9f82741807cce24a,文泉,2020-08-11 15:39:30,,,,BB
37,1,1,6,1,,dc3891fb229145bf9f82741807cce24a,文泉,2020-08-11 15:39:30,,,,BB
38,1,1,6,1,,dc3891fb229145bf9f82741807cce24a,文泉,2020-08-11 15:39:30,,,,BB
39,1,1,6,1,,dc3891fb229145bf9f82741807cce24a,文泉,2020-08-11 15:39:30,,,,BB
40,1,1,6,1,,dc3891fb229145bf9f82741807cce24a,文泉,2020-08-11 15:39:30,,,,BB
41,1,1,6,1,,dc3891fb229145bf9f82741807cce24a,文泉,2020-08-11 15:39:30,,,,BB
42,1,1,6,1,,dc3891fb229145bf9f82741807cce24a,文泉,2020-08-11 15:39:30,,,,BB
43,1,1,6,1,,dc3891fb229145bf9f82741807cce24a,文泉,2020-08-11 15:39:30,,,,BB
44,1,1,6,1,,dc3891fb229145bf9f82741807cce24a,文泉,2020-08-11 15:39:30,,,,BB
45,1,1,6,1,,dc3891fb229145bf9f82741807cce24a,文泉,2020-08-11 15:39:30,,,,BB
46,1,1,6,1,,dc3891fb229145bf9f82741807cce24a,文泉,2020-08-11 15:39:30,,,,BB
47,1,1,6,1,,dc3891fb229145bf9f82741807cce24a,文泉,2020-08-11 15:39:30,,,,BB
48,1,1,6,1,,dc3891fb229145bf9f82741807cce24a,文泉,2020-08-11 15:39:30,,,,BB
49,1,1,6,1,,dc3891fb229145bf9f82741807cce24a,文泉,2020-08-11 15:39:30,,,,BB
50,1,1,6,1,,dc3891fb229145bf9f82741807cce24a,文泉,2020-08-11 15:39:30,,,,BB
51,1,1,6,1,,dc3891fb229145bf9f82741807cce24a,文泉,2020-08-11 15:39:30,,,,BB
52,1,1,6,1,,dc3891fb229145bf9f82741807cce24a,文泉,2020-08-11 15:39:30,,,,BB
53,1,1,6,1,,dc3891fb229145bf9f82741807cce24a,文泉,2020-08-11 15:39:30,,,,BB
54,1,1,6,1,,dc3891fb229145bf9f82741807cce24a,文泉,2020-08-11 15:39:30,,,,BB
55,1,1,6,1,,dc3891fb229145bf9f82741807cce24a,文泉,2020-08-11 15:39:30,,,,BB
56,1,1,6,1,,dc3891fb229145bf9f82741807cce24a,文泉,2020-08-11 15:39:30,,,,BB
57,1,1,6,1,,dc3891fb229145bf9f82741807cce24a,文泉,2020-08-11 15:39:30,,,,BB
58,1,1,6,1,,dc3891fb229145bf9f82741807cce24a,文泉,2020-08-11 15:39:30,,,,BB
59,1,1,6,1,,dc3891fb229145bf9f82741807cce24a,文泉,2020-08-11 15:39:30,,,,BB
60,1,1,6,1,,dc3891fb229145bf9f82741807cce24a,文泉,2020-08-11 15:39:30,,,,BB
61,1,1,6,1,,dc3891fb229145bf9f82741807cce24a,文泉,2020-08-11 15:39:30,,,,BB
62,1,1,6,1,,dc3891fb229145bf9f82741807cce24a,文泉,2020-08-11 15:39:30,,,,BB
63,1,1,6,1,,dc3891fb229145bf9f82741807cce24a,文泉,2020-08-11 15:39:30,,,,BB
64,1,1,6,1,,dc3891fb229145bf9f82741807cce24a,文泉,2020-08-11 15:39:30,,,,BB
65,1,1,6,1,,dc3891fb229145bf9f82741807cce24a,文泉,2020-08-11 15:39:30,,,,BB
66,1,1,6,1,,dc3891fb229145bf9f82741807cce24a,文泉,2020-08-11 15:39:30,,,,BB
67,1,1,6,1,,dc3891fb229145bf9f82741807cce24a,文泉,2020-08-11 15:39:30,,,,BB
68,1,1,6,1,,dc3891fb229145bf9f82741807cce24a,文泉,2020-08-11 15:39:30,,,,BB
69,1,1,6,1,,dc3891fb229145bf9f82741807cce24a,文泉,2020-08-11 15:39:30,,,,BB
70,1,1,6,1,,dc3891fb229145bf9f82741807cce24a,文泉,2020-08-11 15:39:30,,,,BB
71,1,1,6,1,,dc3891fb229145bf9f82741807cce24a,文泉,2020-08-11 15:39:30,,,,BB
72,1,1,6,1,,dc3891fb229145bf9f82741807cce24a,文泉,2020-08-11 15:39:30,,,,BB
73,1,1,6,1,,dc3891fb229145bf9f82741807cce24a,文泉,2020-08-11 15:39:30,,,,BB
74,1,1,6,1,,dc3891fb229145bf9f82741807cce24a,文泉,2020-08-11 15:39:30,,,,BB
75,1,1,6,1,,dc3891fb229145bf9f82741807cce24a,文泉,2020-08-11 15:39:30,,,,BB
76,1,1,6,1,,dc3891fb229145bf9f82741807cce24a,文泉,2020-08-11 15:39:30,,,,BB
77,1,1,6,1,,dc3891fb229145bf9f82741807cce24a,文泉,2020-08-11 15:39:30,,,,BB
78,1,1,6,1,,dc3891fb229145bf9f82741807cce24a,文泉,2020-08-11 15:39:30,,,,BB
79,1,1,6,1,,dc3891fb229145bf9f82741807cce24a,文泉,2020-08-11 15:39:30,,,,BB
80,1,1,6,1,,dc3891fb229145bf9f82741807cce24a,文泉,2020-08-11 15:39:30,,,,BB
81,1,1,6,1,,dc3891fb229145bf9f82741807cce24a,文泉,2020-08-11 15:39:30,,,,BB
82,1,1,6,1,,dc3891fb229145bf9f82741807cce24a,文泉,2020-08-11 15:39:30,,,,BB
83,1,1,6,1,,dc3891fb229145bf9f82741807cce24a,文泉,2020-08-11 15:39:30,,,,BB
84,1,1,6,1,,dc3891fb229145bf9f82741807cce24a,文泉,2020-08-11 15:39:30,,,,BB
85,1,1,6,1,,dc3891fb229145bf9f82741807cce24a,文泉,2020-08-11 15:39:30,,,,BB
86,1,1,6,1,,dc3891fb229145bf9f82741807cce24a,文泉,2020-08-11 15:39:30,,,,BB
87,1,1,6,1,,dc3891fb229145bf9f82741807cce24a,文泉,2020-08-11 15:39:30,,,,BB
88,1,1,6,1,,dc3891fb229145bf9f82741807cce24a,文泉,2020-08-11 15:39:30,,,,BB
89,1,1,6,1,,dc3891fb229145bf9f82741807cce24a,文泉,2020-08-11 15:39:30,,,,BB
90,1,1,6,1,,dc3891fb229145bf9f82741807cce24a,文泉,2020-08-11 15:39:30,,,,BB
91,1,1,6,1,,dc3891fb229145bf9f82741807cce24a,文泉,2020-08-11 15:39:30,,,,BB
92,1,1,6,1,,dc3891fb229145bf9f82741807cce24a,文泉,2020-08-11 15:39:30,,,,BB
93,1,1,6,1,,dc3891fb229145bf9f82741807cce24a,文泉,2020-08-11 15:39:30,,,,BB
94,1,1,6,1,,dc3891fb229145bf9f82741807cce24a,文泉,2020-08-11 15:39:30,,,,BB
95,1,1,6,1,,dc3891fb229145bf9f82741807cce24a,文泉,2020-08-11 15:39:30,,,,BB
96,1,1,6,1,,dc3891fb229145bf9f82741807cce24a,文泉,2020-08-11 15:39:30,,,,BB
97,1,1,6,1,,dc3891fb229145bf9f82741807cce24a,文泉,2020-08-11 15:39:30,,,,BB
98,1,1,6,1,,dc3891fb229145bf9f82741807cce24a,文泉,2020-08-11 15:39:30,,,,BB
99,1,1,6,1,,dc3891fb229145bf9f82741807cce24a,文泉,2020-08-11 15:39:30,,,,BB
100,1,1,6,1,,dc3891fb229145bf9f82741807cce24a,文泉,2020-08-11 15:39:30,,,,BB
101,1,1,6,1,,dc3891fb229145bf9f82741807cce24a,文泉,2020-08-11 18:14:21,,,,BB
102,1,1,6,1,,dc3891fb229145bf9f82741807cce24a,文泉,2020-08-11 18:14:21,,,,BB
103,1,1,6,1,,dc3891fb229145bf9f82741807cce24a,文泉,2020-08-11 18:14:21,,,,BB
104,1,1,6,1,,dc3891fb229145bf9f82741807cce24a,文泉,2020-08-11 18:14:21,,,,BB
105,1,1,6,1,,dc3891fb229145bf9f82741807cce24a,文泉,2020-08-11 18:14:21,,,,BB
106,1,1,6,1,,dc3891fb229145bf9f82741807cce24a,文泉,2020-08-11 18:14:21,,,,BB
107,1,1,6,1,,dc3891fb229145bf9f82741807cce24a,文泉,2020-08-11 18:14:21,,,,BB
108,1,1,6,1,,dc3891fb229145bf9f82741807cce24a,文泉,2020-08-11 18:14:21,,,,BB
109,1,1,6,1,,dc3891fb229145bf9f82741807cce24a,文泉,2020-08-11 18:14:21,,,,BB
110,1,1,6,1,,dc3891fb229145bf9f82741807cce24a,文泉,2020-08-11 18:14:21,,,,BB
111,1,1,6,1,,dc3891fb229145bf9f82741807cce24a,文泉,2020-08-11 18:14:21,,,,BB
112,1,1,6,1,,dc3891fb229145bf9f82741807cce24a,文泉,2020-08-11 18:14:21,,,,BB
113,1,1,6,1,,dc3891fb229145bf9f82741807cce24a,文泉,2020-08-11 18:14:21,,,,BB
114,1,1,6,1,,dc3891fb229145bf9f82741807cce24a,文泉,2020-08-11 18:14:21,,,,BB
115,1,1,6,1,,dc3891fb229145bf9f82741807cce24a,文泉,2020-08-11 18:14:21,,,,BB
116,1,1,6,1,,dc3891fb229145bf9f82741807cce24a,文泉,2020-08-11 18:14:21,,,,BB
117,1,1,6,1,,dc3891fb229145bf9f82741807cce24a,文泉,2020-08-11 18:14:21,,,,BB
118,1,1,6,1,,dc3891fb229145bf9f82741807cce24a,文泉,2020-08-11 18:14:21,,,,BB
119,1,1,6,1,,dc3891fb229145bf9f82741807cce24a,文泉,2020-08-11 18:14:21,,,,BB
120,1,1,6,1,,dc3891fb229145bf9f82741807cce24a,文泉,2020-08-11 18:14:21,,,,BB
121,1,1,6,1,,dc3891fb229145bf9f82741807cce24a,文泉,2020-08-11 18:14:21,,,,BB
122,1,1,6,1,,dc3891fb229145bf9f82741807cce24a,文泉,2020-08-11 18:14:21,,,,BB
123,1,1,6,1,,dc3891fb229145bf9f82741807cce24a,文泉,2020-08-11 18:14:21,,,,BB
124,1,1,6,1,,dc3891fb229145bf9f82741807cce24a,文泉,2020-08-11 18:14:21,,,,BB
125,1,1,6,1,,dc3891fb229145bf9f82741807cce24a,文泉,2020-08-11 18:14:21,,,,BB
126,1,1,6,1,,dc3891fb229145bf9f82741807cce24a,文泉,2020-08-11 18:14:21,,,,BB
127,1,1,6,1,,dc3891fb229145bf9f82741807cce24a,文泉,2020-08-11 18:14:21,,,,BB
128,1,1,6,1,,dc3891fb229145bf9f82741807cce24a,文泉,2020-08-11 18:14:21,,,,BB
129,1,1,6,1,,dc3891fb229145bf9f82741807cce24a,文泉,2020-08-11 18:14:21,,,,BB
130,1,1,6,1,,dc3891fb229145bf9f82741807cce24a,文泉,2020-08-11 18:14:21,,,,BB
131,1,1,6,1,,dc3891fb229145bf9f82741807cce24a,文泉,2020-08-11 18:14:21,,,,BB
132,1,1,6,1,,dc3891fb229145bf9f82741807cce24a,文泉,2020-08-11 18:14:21,,,,BB
133,1,1,6,1,,dc3891fb229145bf9f82741807cce24a,文泉,2020-08-11 18:14:21,,,,BB
134,1,1,6,1,,dc3891fb229145bf9f82741807cce24a,文泉,2020-08-11 18:14:21,,,,BB
135,1,1,6,1,,dc3891fb229145bf9f82741807cce24a,文泉,2020-08-11 18:14:21,,,,BB
136,1,1,6,1,,dc3891fb229145bf9f82741807cce24a,文泉,2020-08-11 18:14:21,,,,BB
137,1,1,6,1,,dc3891fb229145bf9f82741807cce24a,文泉,2020-08-11 18:14:21,,,,BB
138,1,1,6,1,,dc3891fb229145bf9f82741807cce24a,文泉,2020-08-11 18:14:21,,,,BB
139,1,1,6,1,,dc3891fb229145bf9f82741807cce24a,文泉,2020-08-11 18:14:21,,,,BB
140,1,1,6,1,,dc3891fb229145bf9f82741807cce24a,文泉,2020-08-11 18:14:21,,,,BB
141,1,1,6,1,,dc3891fb229145bf9f82741807cce24a,文泉,2020-08-11 18:14:21,,,,BB
142,1,1,6,1,,dc3891fb229145bf9f82741807cce24a,文泉,2020-08-11 18:14:21,,,,BB
143,1,1,6,1,,dc3891fb229145bf9f82741807cce24a,文泉,2020-08-11 18:14:21,,,,BB
144,1,1,6,1,,dc3891fb229145bf9f82741807cce24a,文泉,2020-08-11 18:14:21,,,,BB
145,1,1,6,1,,dc3891fb229145bf9f82741807cce24a,文泉,2020-08-11 18:14:21,,,,BB
146,1,1,6,1,,dc3891fb229145bf9f82741807cce24a,文泉,2020-08-11 18:14:21,,,,BB
147,1,1,6,1,,dc3891fb229145bf9f82741807cce24a,文泉,2020-08-11 18:14:21,,,,BB
148,1,1,6,1,,dc3891fb229145bf9f82741807cce24a,文泉,2020-08-11 18:14:21,,,,BB
149,1,1,6,1,,dc3891fb229145bf9f82741807cce24a,文泉,2020-08-11 18:14:21,,,,BB
150,1,1,6,1,,dc3891fb229145bf9f82741807cce24a,文泉,2020-08-11 18:14:21,,,,BB
151,1,1,6,1,,dc3891fb229145bf9f82741807cce24a,文泉,2020-08-11 18:14:21,,,,BB
152,1,1,6,1,,dc3891fb229145bf9f82741807cce24a,文泉,2020-08-11 18:14:21,,,,BB
153,1,1,6,1,,dc3891fb229145bf9f82741807cce24a,文泉,2020-08-11 18:14:21,,,,BB
154,1,1,6,1,,dc3891fb229145bf9f82741807cce24a,文泉,2020-08-11 18:14:21,,,,BB
155,1,1,6,1,,dc3891fb229145bf9f82741807cce24a,文泉,2020-08-11 18:14:21,,,,BB
156,1,1,6,1,,dc3891fb229145bf9f82741807cce24a,文泉,2020-08-11 18:14:21,,,,BB
157,1,1,6,1,,dc3891fb229145bf9f82741807cce24a,文泉,2020-08-11 18:14:21,,,,BB
158,1,1,6,1,,dc3891fb229145bf9f82741807cce24a,文泉,2020-08-11 18:14:21,,,,BB
159,1,1,6,1,,dc3891fb229145bf9f82741807cce24a,文泉,2020-08-11 18:14:21,,,,BB
160,1,1,6,1,,dc3891fb229145bf9f82741807cce24a,文泉,2020-08-11 18:14:21,,,,BB
161,1,1,6,1,,dc3891fb229145bf9f82741807cce24a,文泉,2020-08-11 18:14:21,,,,BB
162,1,1,6,1,,dc3891fb229145bf9f82741807cce24a,文泉,2020-08-11 18:14:21,,,,BB
163,1,1,6,1,,dc3891fb229145bf9f82741807cce24a,文泉,2020-08-11 18:14:21,,,,BB
164,1,1,6,1,,dc3891fb229145bf9f82741807cce24a,文泉,2020-08-11 18:14:21,,,,BB
165,1,1,6,1,,dc3891fb229145bf9f82741807cce24a,文泉,2020-08-11 18:14:21,,,,BB
166,1,1,6,1,,dc3891fb229145bf9f82741807cce24a,文泉,2020-08-11 18:14:21,,,,BB
167,1,1,6,1,,dc3891fb229145bf9f82741807cce24a,文泉,2020-08-11 18:14:21,,,,BB
168,1,1,6,1,,dc3891fb229145bf9f82741807cce24a,文泉,2020-08-11 18:14:21,,,,BB
169,1,1,6,1,,dc3891fb229145bf9f82741807cce24a,文泉,2020-08-11 18:14:21,,,,BB
170,1,1,6,1,,dc3891fb229145bf9f82741807cce24a,文泉,2020-08-11 18:14:21,,,,BB
171,1,1,6,1,,dc3891fb229145bf9f82741807cce24a,文泉,2020-08-11 18:14:21,,,,BB
172,1,1,6,1,,dc3891fb229145bf9f82741807cce24a,文泉,2020-08-11 18:14:21,,,,BB
173,1,1,6,1,,dc3891fb229145bf9f82741807cce24a,文泉,2020-08-11 18:14:21,,,,BB
174,1,1,6,1,,dc3891fb229145bf9f82741807cce24a,文泉,2020-08-11 18:14:21,,,,BB
175,1,1,6,1,,dc3891fb229145bf9f82741807cce24a,文泉,2020-08-11 18:14:21,,,,BB
176,1,1,6,1,,dc3891fb229145bf9f82741807cce24a,文泉,2020-08-11 18:14:21,,,,BB
177,1,1,6,1,,dc3891fb229145bf9f82741807cce24a,文泉,2020-08-11 18:14:21,,,,BB
178,1,1,6,1,,dc3891fb229145bf9f82741807cce24a,文泉,2020-08-11 18:14:21,,,,BB
179,1,1,6,1,,dc3891fb229145bf9f82741807cce24a,文泉,2020-08-11 18:14:21,,,,BB
180,1,1,6,1,,dc3891fb229145bf9f82741807cce24a,文泉,2020-08-11 18:14:21,,,,BB
181,1,1,6,1,,dc3891fb229145bf9f82741807cce24a,文泉,2020-08-11 18:14:21,,,,BB
182,1,1,6,1,,dc3891fb229145bf9f82741807cce24a,文泉,2020-08-11 18:14:21,,,,BB
183,1,1,6,1,,dc3891fb229145bf9f82741807cce24a,文泉,2020-08-11 18:14:21,,,,BB
184,1,1,6,1,,dc3891fb229145bf9f82741807cce24a,文泉,2020-08-11 18:14:21,,,,BB
185,1,1,6,1,,dc3891fb229145bf9f82741807cce24a,文泉,2020-08-11 18:14:21,,,,BB
186,1,1,6,1,,dc3891fb229145bf9f82741807cce24a,文泉,2020-08-11 18:14:21,,,,BB
187,1,1,6,1,,dc3891fb229145bf9f82741807cce24a,文泉,2020-08-11 18:14:21,,,,BB
188,1,1,6,1,,dc3891fb229145bf9f82741807cce24a,文泉,2020-08-11 18:14:21,,,,BB
189,1,1,6,1,,dc3891fb229145bf9f82741807cce24a,文泉,2020-08-11 18:14:21,,,,BB
190,1,1,6,1,,dc3891fb229145bf9f82741807cce24a,文泉,2020-08-11 18:14:21,,,,BB
191,1,1,6,1,,dc3891fb229145bf9f82741807cce24a,文泉,2020-08-11 18:14:21,,,,BB
192,1,1,6,1,,dc3891fb229145bf9f82741807cce24a,文泉,2020-08-11 18:14:21,,,,BB
193,1,1,6,1,,dc3891fb229145bf9f82741807cce24a,文泉,2020-08-11 18:14:21,,,,BB
194,1,1,6,1,,dc3891fb229145bf9f82741807cce24a,文泉,2020-08-11 18:14:21,,,,BB
195,1,1,6,1,,dc3891fb229145bf9f82741807cce24a,文泉,2020-08-11 18:14:21,,,,BB
196,1,1,6,1,,dc3891fb229145bf9f82741807cce24a,文泉,2020-08-11 18:14:21,,,,BB
197,1,1,6,1,,dc3891fb229145bf9f82741807cce24a,文泉,2020-08-11 18:14:21,,,,BB
198,1,1,6,1,,dc3891fb229145bf9f82741807cce24a,文泉,2020-08-11 18:14:21,,,,BB
199,1,1,6,1,,dc3891fb229145bf9f82741807cce24a,文泉,2020-08-11 18:14:21,,,,BB
200,1,1,6,1,,dc3891fb229145bf9f82741807cce24a,文泉,2020-08-11 18:14:21,,,,BB
201,,1,6,1,,dc3891fb229145bf9f82741807cce24a,文泉,2020-08-11 18:16:51,,,,BB
202,,1,6,1,,dc3891fb229145bf9f82741807cce24a,文泉,2020-08-11 18:16:51,,,,BB
203,,1,6,1,,dc3891fb229145bf9f82741807cce24a,文泉,2020-08-11 18:16:51,,,,BB
204,,1,6,1,,dc3891fb229145bf9f82741807cce24a,文泉,2020-08-11 18:16:51,,,,BB
205,,1,6,1,,dc3891fb229145bf9f82741807cce24a,文泉,2020-08-11 18:16:51,,,,BB
206,,1,6,1,,dc3891fb229145bf9f82741807cce24a,文泉,2020-08-11 18:16:51,,,,BB
207,,1,6,1,,dc3891fb229145bf9f82741807cce24a,文泉,2020-08-11 18:16:51,,,,BB
208,,1,6,1,,dc3891fb229145bf9f82741807cce24a,文泉,2020-08-11 18:16:51,,,,BB
209,,1,6,1,,dc3891fb229145bf9f82741807cce24a,文泉,2020-08-11 18:16:51,,,,BB
210,,1,6,1,,dc3891fb229145bf9f82741807cce24a,文泉,2020-08-11 18:16:51,,,,BB
211,,1,6,1,,dc3891fb229145bf9f82741807cce24a,文泉,2020-08-11 18:16:51,,,,BB
212,,1,6,1,,dc3891fb229145bf9f82741807cce24a,文泉,2020-08-11 18:16:51,,,,BB
213,,1,6,1,,dc3891fb229145bf9f82741807cce24a,文泉,2020-08-11 18:16:51,,,,BB
214,,1,6,1,,dc3891fb229145bf9f82741807cce24a,文泉,2020-08-11 18:16:51,,,,BB
215,,1,6,1,,dc3891fb229145bf9f82741807cce24a,文泉,2020-08-11 18:16:51,,,,BB
216,,1,6,1,,dc3891fb229145bf9f82741807cce24a,文泉,2020-08-11 18:16:51,,,,BB
217,,1,6,1,,dc3891fb229145bf9f82741807cce24a,文泉,2020-08-11 18:16:51,,,,BB
218,,1,6,1,,dc3891fb229145bf9f82741807cce24a,文泉,2020-08-11 18:16:51,,,,BB
219,,1,6,1,,dc3891fb229145bf9f82741807cce24a,文泉,2020-08-11 18:16:51,,,,BB
220,,1,6,1,,dc3891fb229145bf9f82741807cce24a,文泉,2020-08-11 18:16:51,,,,BB
221,,1,6,1,,dc3891fb229145bf9f82741807cce24a,文泉,2020-08-11 18:16:51,,,,BB
222,,1,6,1,,dc3891fb229145bf9f82741807cce24a,文泉,2020-08-11 18:16:51,,,,BB
223,,1,6,1,,dc3891fb229145bf9f82741807cce24a,文泉,2020-08-11 18:16:51,,,,BB
224,,1,6,1,,dc3891fb229145bf9f82741807cce24a,文泉,2020-08-11 18:16:51,,,,BB
225,,1,6,1,,dc3891fb229145bf9f82741807cce24a,文泉,2020-08-11 18:16:51,,,,BB
226,,1,6,1,,dc3891fb229145bf9f82741807cce24a,文泉,2020-08-11 18:16:51,,,,BB
227,,1,6,1,,dc3891fb229145bf9f82741807cce24a,文泉,2020-08-11 18:16:51,,,,BB
228,,1,6,1,,dc3891fb229145bf9f82741807cce24a,文泉,2020-08-11 18:16:51,,,,BB
229,,1,6,1,,dc3891fb229145bf9f82741807cce24a,文泉,2020-08-11 18:16:51,,,,BB
230,,1,6,1,,dc3891fb229145bf9f82741807cce24a,文泉,2020-08-11 18:16:51,,,,BB
231,,1,6,1,,dc3891fb229145bf9f82741807cce24a,文泉,2020-08-11 18:16:51,,,,BB
232,,1,6,1,,dc3891fb229145bf9f82741807cce24a,文泉,2020-08-11 18:16:51,,,,BB
233,,1,6,1,,dc3891fb229145bf9f82741807cce24a,文泉,2020-08-11 18:16:51,,,,BB
234,,1,6,1,,dc3891fb229145bf9f82741807cce24a,文泉,2020-08-11 18:16:51,,,,BB
235,,1,6,1,,dc3891fb229145bf9f82741807cce24a,文泉,2020-08-11 18:16:51,,,,BB
236,,1,6,1,,dc3891fb229145bf9f82741807cce24a,文泉,2020-08-11 18:16:51,,,,BB
237,,1,6,1,,dc3891fb229145bf9f82741807cce24a,文泉,2020-08-11 18:16:51,,,,BB
238,,1,6,1,,dc3891fb229145bf9f82741807cce24a,文泉,2020-08-11 18:16:51,,,,BB
239,,1,6,1,,dc3891fb229145bf9f82741807cce24a,文泉,2020-08-11 18:16:51,,,,BB
240,,1,6,1,,dc3891fb229145bf9f82741807cce24a,文泉,2020-08-11 18:16:51,,,,BB
241,,1,6,1,,dc3891fb229145bf9f82741807cce24a,文泉,2020-08-11 18:16:51,,,,BB
242,,1,6,1,,dc3891fb229145bf9f82741807cce24a,文泉,2020-08-11 18:16:51,,,,BB
243,,1,6,1,,dc3891fb229145bf9f82741807cce24a,文泉,2020-08-11 18:16:51,,,,BB
244,,1,6,1,,dc3891fb229145bf9f82741807cce24a,文泉,2020-08-11 18:16:51,,,,BB
245,,1,6,1,,dc3891fb229145bf9f82741807cce24a,文泉,2020-08-11 18:16:51,,,,BB
246,,1,6,1,,dc3891fb229145bf9f82741807cce24a,文泉,2020-08-11 18:16:51,,,,BB
247,,1,6,1,,dc3891fb229145bf9f82741807cce24a,文泉,2020-08-11 18:16:51,,,,BB
248,,1,6,1,,dc3891fb229145bf9f82741807cce24a,文泉,2020-08-11 18:16:51,,,,BB
249,,1,6,1,,dc3891fb229145bf9f82741807cce24a,文泉,2020-08-11 18:16:51,,,,BB
250,,1,6,1,,dc3891fb229145bf9f82741807cce24a,文泉,2020-08-11 18:16:51,,,,BB
251,,1,6,1,,dc3891fb229145bf9f82741807cce24a,文泉,2020-08-11 18:16:51,,,,BB
252,,1,6,1,,dc3891fb229145bf9f82741807cce24a,文泉,2020-08-11 18:16:51,,,,BB
253,,1,6,1,,dc3891fb229145bf9f82741807cce24a,文泉,2020-08-11 18:16:51,,,,BB
254,,1,6,1,,dc3891fb229145bf9f82741807cce24a,文泉,2020-08-11 18:16:51,,,,BB
255,,1,6,1,,dc3891fb229145bf9f82741807cce24a,文泉,2020-08-11 18:16:51,,,,BB
256,,1,6,1,,dc3891fb229145bf9f82741807cce24a,文泉,2020-08-11 18:16:51,,,,BB
257,,1,6,1,,dc3891fb229145bf9f82741807cce24a,文泉,2020-08-11 18:16:51,,,,BB
258,,1,6,1,,dc3891fb229145bf9f82741807cce24a,文泉,2020-08-11 18:16:51,,,,BB
259,,1,6,1,,dc3891fb229145bf9f82741807cce24a,文泉,2020-08-11 18:16:51,,,,BB
260,,1,6,1,,dc3891fb229145bf9f82741807cce24a,文泉,2020-08-11 18:16:51,,,,BB
261,,1,6,1,,dc3891fb229145bf9f82741807cce24a,文泉,2020-08-11 18:16:51,,,,BB
262,,1,6,1,,dc3891fb229145bf9f82741807cce24a,文泉,2020-08-11 18:16:51,,,,BB
263,,1,6,1,,dc3891fb229145bf9f82741807cce24a,文泉,2020-08-11 18:16:51,,,,BB
264,,1,6,1,,dc3891fb229145bf9f82741807cce24a,文泉,2020-08-11 18:16:51,,,,BB
265,,1,6,1,,dc3891fb229145bf9f82741807cce24a,文泉,2020-08-11 18:16:51,,,,BB
266,,1,6,1,,dc3891fb229145bf9f82741807cce24a,文泉,2020-08-11 18:16:51,,,,BB
267,,1,6,1,,dc3891fb229145bf9f82741807cce24a,文泉,2020-08-11 18:16:51,,,,BB
268,,1,6,1,,dc3891fb229145bf9f82741807cce24a,文泉,2020-08-11 18:16:51,,,,BB
269,,1,6,1,,dc3891fb229145bf9f82741807cce24a,文泉,2020-08-11 18:16:51,,,,BB
270,,1,6,1,,dc3891fb229145bf9f82741807cce24a,文泉,2020-08-11 18:16:51,,,,BB
271,,1,6,1,,dc3891fb229145bf9f82741807cce24a,文泉,2020-08-11 18:16:51,,,,BB
272,,1,6,1,,dc3891fb229145bf9f82741807cce24a,文泉,2020-08-11 18:16:51,,,,BB
273,,1,6,1,,dc3891fb229145bf9f82741807cce24a,文泉,2020-08-11 18:16:51,,,,BB
274,,1,6,1,,dc3891fb229145bf9f82741807cce24a,文泉,2020-08-11 18:16:51,,,,BB
275,,1,6,1,,dc3891fb229145bf9f82741807cce24a,文泉,2020-08-11 18:16:51,,,,BB
276,,1,6,1,,dc3891fb229145bf9f82741807cce24a,文泉,2020-08-11 18:16:51,,,,BB
277,,1,6,1,,dc3891fb229145bf9f82741807cce24a,文泉,2020-08-11 18:16:51,,,,BB
278,,1,6,1,,dc3891fb229145bf9f82741807cce24a,文泉,2020-08-11 18:16:51,,,,BB
279,,1,6,1,,dc3891fb229145bf9f82741807cce24a,文泉,2020-08-11 18:16:51,,,,BB
280,,1,6,1,,dc3891fb229145bf9f82741807cce24a,文泉,2020-08-11 18:16:51,,,,BB
281,,1,6,1,,dc3891fb229145bf9f82741807cce24a,文泉,2020-08-11 18:16:51,,,,BB
282,,1,6,1,,dc3891fb229145bf9f82741807cce24a,文泉,2020-08-11 18:16:51,,,,BB
283,,1,6,1,,dc3891fb229145bf9f82741807cce24a,文泉,2020-08-11 18:16:51,,,,BB
284,,1,6,1,,dc3891fb229145bf9f82741807cce24a,文泉,2020-08-11 18:16:51,,,,BB
285,,1,6,1,,dc3891fb229145bf9f82741807cce24a,文泉,2020-08-11 18:16:51,,,,BB
286,,1,6,1,,dc3891fb229145bf9f82741807cce24a,文泉,2020-08-11 18:16:51,,,,BB
287,,1,6,1,,dc3891fb229145bf9f82741807cce24a,文泉,2020-08-11 18:16:51,,,,BB
288,,1,6,1,,dc3891fb229145bf9f82741807cce24a,文泉,2020-08-11 18:16:51,,,,BB
289,,1,6,1,,dc3891fb229145bf9f82741807cce24a,文泉,2020-08-11 18:16:51,,,,BB
290,,1,6,1,,dc3891fb229145bf9f82741807cce24a,文泉,2020-08-11 18:16:51,,,,BB
291,,1,6,1,,dc3891fb229145bf9f82741807cce24a,文泉,2020-08-11 18:16:51,,,,BB
292,,1,6,1,,dc3891fb229145bf9f82741807cce24a,文泉,2020-08-11 18:16:51,,,,BB
293,,1,6,1,,dc3891fb229145bf9f82741807cce24a,文泉,2020-08-11 18:16:51,,,,BB
294,,1,6,1,,dc3891fb229145bf9f82741807cce24a,文泉,2020-08-11 18:16:51,,,,BB
295,,1,6,1,,dc3891fb229145bf9f82741807cce24a,文泉,2020-08-11 18:16:51,,,,BB
296,,1,6,1,,dc3891fb229145bf9f82741807cce24a,文泉,2020-08-11 18:16:51,,,,BB
297,,1,6,1,,dc3891fb229145bf9f82741807cce24a,文泉,2020-08-11 18:16:51,,,,BB
298,,1,6,1,,dc3891fb229145bf9f82741807cce24a,文泉,2020-08-11 18:16:51,,,,BB
299,,1,6,1,,dc3891fb229145bf9f82741807cce24a,文泉,2020-08-11 18:16:51,,,,BB
300,,1,6,1,,dc3891fb229145bf9f82741807cce24a,文泉,2020-08-11 18:16:51,,,,BB
301,1,1,6,1,,dc3891fb229145bf9f82741807cce24a,文泉,2020-08-11 18:26:03,,,,BB
302,1,1,6,1,,dc3891fb229145bf9f82741807cce24a,文泉,2020-08-11 18:26:03,,,,BB
303,1,1,6,1,,dc3891fb229145bf9f82741807cce24a,文泉,2020-08-11 18:26:03,,,,BB
304,1,1,6,1,,dc3891fb229145bf9f82741807cce24a,文泉,2020-08-11 18:26:03,,,,BB
305,1,1,6,1,,dc3891fb229145bf9f82741807cce24a,文泉,2020-08-11 18:26:03,,,,BB
306,1,1,6,1,,dc3891fb229145bf9f82741807cce24a,文泉,2020-08-11 18:26:03,,,,BB
307,1,1,6,1,,dc3891fb229145bf9f82741807cce24a,文泉,2020-08-11 18:26:03,,,,BB
308,1,1,6,1,,dc3891fb229145bf9f82741807cce24a,文泉,2020-08-11 18:26:03,,,,BB
309,1,1,6,1,,dc3891fb229145bf9f82741807cce24a,文泉,2020-08-11 18:26:03,,,,BB
310,1,1,6,1,,dc3891fb229145bf9f82741807cce24a,文泉,2020-08-11 18:26:03,,,,BB
311,1,1,6,1,,dc3891fb229145bf9f82741807cce24a,文泉,2020-08-11 18:26:03,,,,BB
312,1,1,6,1,,dc3891fb229145bf9f82741807cce24a,文泉,2020-08-11 18:26:03,,,,BB
313,1,1,6,1,,dc3891fb229145bf9f82741807cce24a,文泉,2020-08-11 18:26:03,,,,BB
314,1,1,6,1,,dc3891fb229145bf9f82741807cce24a,文泉,2020-08-11 18:26:03,,,,BB
315,1,1,6,1,,dc3891fb229145bf9f82741807cce24a,文泉,2020-08-11 18:26:03,,,,BB
316,1,1,6,1,,dc3891fb229145bf9f82741807cce24a,文泉,2020-08-11 18:26:03,,,,BB
317,1,1,6,1,,dc3891fb229145bf9f82741807cce24a,文泉,2020-08-11 18:26:03,,,,BB
318,1,1,6,1,,dc3891fb229145bf9f82741807cce24a,文泉,2020-08-11 18:26:03,,,,BB
319,1,1,6,1,,dc3891fb229145bf9f82741807cce24a,文泉,2020-08-11 18:26:03,,,,BB
320,1,1,6,1,,dc3891fb229145bf9f82741807cce24a,文泉,2020-08-11 18:26:03,,,,BB
321,1,1,6,1,,dc3891fb229145bf9f82741807cce24a,文泉,2020-08-11 18:26:03,,,,BB
322,1,1,6,1,,dc3891fb229145bf9f82741807cce24a,文泉,2020-08-11 18:26:03,,,,BB
323,1,1,6,1,,dc3891fb229145bf9f82741807cce24a,文泉,2020-08-11 18:26:03,,,,BB
324,1,1,6,1,,dc3891fb229145bf9f82741807cce24a,文泉,2020-08-11 18:26:03,,,,BB
325,1,1,6,1,,dc3891fb229145bf9f82741807cce24a,文泉,2020-08-11 18:26:03,,,,BB
326,1,1,6,1,,dc3891fb229145bf9f82741807cce24a,文泉,2020-08-11 18:26:03,,,,BB
327,1,1,6,1,,dc3891fb229145bf9f82741807cce24a,文泉,2020-08-11 18:26:03,,,,BB
328,1,1,6,1,,dc3891fb229145bf9f82741807cce24a,文泉,2020-08-11 18:26:03,,,,BB
329,1,1,6,1,,dc3891fb229145bf9f82741807cce24a,文泉,2020-08-11 18:26:03,,,,BB
330,1,1,6,1,,dc3891fb229145bf9f82741807cce24a,文泉,2020-08-11 18:26:03,,,,BB
331,1,1,6,1,,dc3891fb229145bf9f82741807cce24a,文泉,2020-08-11 18:26:03,,,,BB
332,1,1,6,1,,dc3891fb229145bf9f82741807cce24a,文泉,2020-08-11 18:26:03,,,,BB
333,1,1,6,1,,dc3891fb229145bf9f82741807cce24a,文泉,2020-08-11 18:26:03,,,,BB
334,1,1,6,1,,dc3891fb229145bf9f82741807cce24a,文泉,2020-08-11 18:26:03,,,,BB
335,1,1,6,1,,dc3891fb229145bf9f82741807cce24a,文泉,2020-08-11 18:26:03,,,,BB
336,1,1,6,1,,dc3891fb229145bf9f82741807cce24a,文泉,2020-08-11 18:26:03,,,,BB
337,1,1,6,1,,dc3891fb229145bf9f82741807cce24a,文泉,2020-08-11 18:26:03,,,,BB
338,1,1,6,1,,dc3891fb229145bf9f82741807cce24a,文泉,2020-08-11 18:26:03,,,,BB
339,1,1,6,1,,dc3891fb229145bf9f82741807cce24a,文泉,2020-08-11 18:26:03,,,,BB
340,1,1,6,1,,dc3891fb229145bf9f82741807cce24a,文泉,2020-08-11 18:26:03,,,,BB
341,1,1,6,1,,dc3891fb229145bf9f82741807cce24a,文泉,2020-08-11 18:26:03,,,,BB
342,1,1,6,1,,dc3891fb229145bf9f82741807cce24a,文泉,2020-08-11 18:26:03,,,,BB
343,1,1,6,1,,dc3891fb229145bf9f82741807cce24a,文泉,2020-08-11 18:26:03,,,,BB
344,1,1,6,1,,dc3891fb229145bf9f82741807cce24a,文泉,2020-08-11 18:26:03,,,,BB
345,1,1,6,1,,dc3891fb229145bf9f82741807cce24a,文泉,2020-08-11 18:26:03,,,,BB
346,1,1,6,1,,dc3891fb229145bf9f82741807cce24a,文泉,2020-08-11 18:26:03,,,,BB
347,1,1,6,1,,dc3891fb229145bf9f82741807cce24a,文泉,2020-08-11 18:26:03,,,,BB
348,1,1,6,1,,dc3891fb229145bf9f82741807cce24a,文泉,2020-08-11 18:26:03,,,,BB
349,1,1,6,1,,dc3891fb229145bf9f82741807cce24a,文泉,2020-08-11 18:26:03,,,,BB
350,1,1,6,1,,dc3891fb229145bf9f82741807cce24a,文泉,2020-08-11 18:26:03,,,,BB
351,1,1,6,1,,dc3891fb229145bf9f82741807cce24a,文泉,2020-08-11 18:26:03,,,,BB
352,1,1,6,1,,dc3891fb229145bf9f82741807cce24a,文泉,2020-08-11 18:26:03,,,,BB
353,1,1,6,1,,dc3891fb229145bf9f82741807cce24a,文泉,2020-08-11 18:26:03,,,,BB
354,1,1,6,1,,dc3891fb229145bf9f82741807cce24a,文泉,2020-08-11 18:26:03,,,,BB
355,1,1,6,1,,dc3891fb229145bf9f82741807cce24a,文泉,2020-08-11 18:26:03,,,,BB
356,1,1,6,1,,dc3891fb229145bf9f82741807cce24a,文泉,2020-08-11 18:26:03,,,,BB
357,1,1,6,1,,dc3891fb229145bf9f82741807cce24a,文泉,2020-08-11 18:26:03,,,,BB
358,1,1,6,1,,dc3891fb229145bf9f82741807cce24a,文泉,2020-08-11 18:26:03,,,,BB
359,1,1,6,1,,dc3891fb229145bf9f82741807cce24a,文泉,2020-08-11 18:26:03,,,,BB
360,1,1,6,1,,dc3891fb229145bf9f82741807cce24a,文泉,2020-08-11 18:26:03,,,,BB
361,1,1,6,1,,dc3891fb229145bf9f82741807cce24a,文泉,2020-08-11 18:26:03,,,,BB
362,1,1,6,1,,dc3891fb229145bf9f82741807cce24a,文泉,2020-08-11 18:26:03,,,,BB
363,1,1,6,1,,dc3891fb229145bf9f82741807cce24a,文泉,2020-08-11 18:26:03,,,,BB
364,1,1,6,1,,dc3891fb229145bf9f82741807cce24a,文泉,2020-08-11 18:26:03,,,,BB
365,1,1,6,1,,dc3891fb229145bf9f82741807cce24a,文泉,2020-08-11 18:26:03,,,,BB
366,1,1,6,1,,dc3891fb229145bf9f82741807cce24a,文泉,2020-08-11 18:26:03,,,,BB
367,1,1,6,1,,dc3891fb229145bf9f82741807cce24a,文泉,2020-08-11 18:26:03,,,,BB
368,1,1,6,1,,dc3891fb229145bf9f82741807cce24a,文泉,2020-08-11 18:26:03,,,,BB
369,1,1,6,1,,dc3891fb229145bf9f82741807cce24a,文泉,2020-08-11 18:26:03,,,,BB
370,1,1,6,1,,dc3891fb229145bf9f82741807cce24a,文泉,2020-08-11 18:26:03,,,,BB
371,1,1,6,1,,dc3891fb229145bf9f82741807cce24a,文泉,2020-08-11 18:26:03,,,,BB
372,1,1,6,1,,dc3891fb229145bf9f82741807cce24a,文泉,2020-08-11 18:26:03,,,,BB
373,1,1,6,1,,dc3891fb229145bf9f82741807cce24a,文泉,2020-08-11 18:26:03,,,,BB
374,1,1,6,1,,dc3891fb229145bf9f82741807cce24a,文泉,2020-08-11 18:26:03,,,,BB
375,1,1,6,1,,dc3891fb229145bf9f82741807cce24a,文泉,2020-08-11 18:26:03,,,,BB
376,1,1,6,1,,dc3891fb229145bf9f82741807cce24a,文泉,2020-08-11 18:26:03,,,,BB
377,1,1,6,1,,dc3891fb229145bf9f82741807cce24a,文泉,2020-08-11 18:26:03,,,,BB
378,1,1,6,1,,dc3891fb229145bf9f82741807cce24a,文泉,2020-08-11 18:26:03,,,,BB
379,1,1,6,1,,dc3891fb229145bf9f82741807cce24a,文泉,2020-08-11 18:26:03,,,,BB
380,1,1,6,1,,dc3891fb229145bf9f82741807cce24a,文泉,2020-08-11 18:26:03,,,,BB
381,1,1,6,1,,dc3891fb229145bf9f82741807cce24a,文泉,2020-08-11 18:26:03,,,,BB
382,1,1,6,1,,dc3891fb229145bf9f82741807cce24a,文泉,2020-08-11 18:26:03,,,,BB
383,1,1,6,1,,dc3891fb229145bf9f82741807cce24a,文泉,2020-08-11 18:26:03,,,,BB
384,1,1,6,1,,dc3891fb229145bf9f82741807cce24a,文泉,2020-08-11 18:26:03,,,,BB
385,1,1,6,1,,dc3891fb229145bf9f82741807cce24a,文泉,2020-08-11 18:26:03,,,,BB
386,1,1,6,1,,dc3891fb229145bf9f82741807cce24a,文泉,2020-08-11 18:26:03,,,,BB
387,1,1,6,1,,dc3891fb229145bf9f82741807cce24a,文泉,2020-08-11 18:26:03,,,,BB
388,1,1,6,1,,dc3891fb229145bf9f82741807cce24a,文泉,2020-08-11 18:26:03,,,,BB
389,1,1,6,1,,dc3891fb229145bf9f82741807cce24a,文泉,2020-08-11 18:26:03,,,,BB
390,1,1,6,1,,dc3891fb229145bf9f82741807cce24a,文泉,2020-08-11 18:26:03,,,,BB
391,1,1,6,1,,dc3891fb229145bf9f82741807cce24a,文泉,2020-08-11 18:26:03,,,,BB
392,1,1,6,1,,dc3891fb229145bf9f82741807cce24a,文泉,2020-08-11 18:26:03,,,,BB
393,1,1,6,1,,dc3891fb229145bf9f82741807cce24a,文泉,2020-08-11 18:26:03,,,,BB
394,1,1,6,1,,dc3891fb229145bf9f82741807cce24a,文泉,2020-08-11 18:26:03,,,,BB
395,1,1,6,1,,dc3891fb229145bf9f82741807cce24a,文泉,2020-08-11 18:26:03,,,,BB
396,1,1,6,1,,dc3891fb229145bf9f82741807cce24a,文泉,2020-08-11 18:26:03,,,,BB
397,1,1,6,1,,dc3891fb229145bf9f82741807cce24a,文泉,2020-08-11 18:26:03,,,,BB
398,1,1,6,1,,dc3891fb229145bf9f82741807cce24a,文泉,2020-08-11 18:26:03,,,,BB
399,1,1,6,1,,dc3891fb229145bf9f82741807cce24a,文泉,2020-08-11 18:26:03,,,,BB
400,1,1,6,1,,dc3891fb229145bf9f82741807cce24a,文泉,2020-08-11 18:26:03,,,,BB
401,,1,6,1,,dc3891fb229145bf9f82741807cce24a,文泉,2020-08-11 18:37:56,,,,BB
402,,1,6,1,,dc3891fb229145bf9f82741807cce24a,文泉,2020-08-11 18:37:56,,,,BB
403,,1,6,1,,dc3891fb229145bf9f82741807cce24a,文泉,2020-08-11 18:37:56,,,,BB
404,,1,6,1,,dc3891fb229145bf9f82741807cce24a,文泉,2020-08-11 18:37:56,,,,BB
405,,1,6,1,,dc3891fb229145bf9f82741807cce24a,文泉,2020-08-11 18:37:56,,,,BB
406,,1,6,1,,dc3891fb229145bf9f82741807cce24a,文泉,2020-08-11 18:37:56,,,,BB
407,,1,6,1,,dc3891fb229145bf9f82741807cce24a,文泉,2020-08-11 18:37:56,,,,BB
408,,1,6,1,,dc3891fb229145bf9f82741807cce24a,文泉,2020-08-11 18:37:56,,,,BB
409,,1,6,1,,dc3891fb229145bf9f82741807cce24a,文泉,2020-08-11 18:37:56,,,,BB
410,,1,6,1,,dc3891fb229145bf9f82741807cce24a,文泉,2020-08-11 18:37:56,,,,BB
411,,1,6,1,,dc3891fb229145bf9f82741807cce24a,文泉,2020-08-11 18:37:56,,,,BB
412,,1,6,1,,dc3891fb229145bf9f82741807cce24a,文泉,2020-08-11 18:37:56,,,,BB
413,,1,6,1,,dc3891fb229145bf9f82741807cce24a,文泉,2020-08-11 18:37:56,,,,BB
414,,1,6,1,,dc3891fb229145bf9f82741807cce24a,文泉,2020-08-11 18:37:56,,,,BB
415,,1,6,1,,dc3891fb229145bf9f82741807cce24a,文泉,2020-08-11 18:37:56,,,,BB
416,,1,6,1,,dc3891fb229145bf9f82741807cce24a,文泉,2020-08-11 18:37:56,,,,BB
417,,1,6,1,,dc3891fb229145bf9f82741807cce24a,文泉,2020-08-11 18:37:56,,,,BB
418,,1,6,1,,dc3891fb229145bf9f82741807cce24a,文泉,2020-08-11 18:37:56,,,,BB
419,,1,6,1,,dc3891fb229145bf9f82741807cce24a,文泉,2020-08-11 18:37:56,,,,BB
420,,1,6,1,,dc3891fb229145bf9f82741807cce24a,文泉,2020-08-11 18:37:56,,,,BB
421,,1,6,1,,dc3891fb229145bf9f82741807cce24a,文泉,2020-08-11 18:37:56,,,,BB
422,,1,6,1,,dc3891fb229145bf9f82741807cce24a,文泉,2020-08-11 18:37:56,,,,BB
423,,1,6,1,,dc3891fb229145bf9f82741807cce24a,文泉,2020-08-11 18:37:56,,,,BB
424,,1,6,1,,dc3891fb229145bf9f82741807cce24a,文泉,2020-08-11 18:37:56,,,,BB
425,,1,6,1,,dc3891fb229145bf9f82741807cce24a,文泉,2020-08-11 18:37:56,,,,BB
426,,1,6,1,,dc3891fb229145bf9f82741807cce24a,文泉,2020-08-11 18:37:56,,,,BB
427,,1,6,1,,dc3891fb229145bf9f82741807cce24a,文泉,2020-08-11 18:37:56,,,,BB
428,,1,6,1,,dc3891fb229145bf9f82741807cce24a,文泉,2020-08-11 18:37:56,,,,BB
429,,1,6,1,,dc3891fb229145bf9f82741807cce24a,文泉,2020-08-11 18:37:56,,,,BB
430,,1,6,1,,dc3891fb229145bf9f82741807cce24a,文泉,2020-08-11 18:37:56,,,,BB
431,,1,6,1,,dc3891fb229145bf9f82741807cce24a,文泉,2020-08-11 18:37:56,,,,BB
432,,1,6,1,,dc3891fb229145bf9f82741807cce24a,文泉,2020-08-11 18:37:56,,,,BB
433,,1,6,1,,dc3891fb229145bf9f82741807cce24a,文泉,2020-08-11 18:37:56,,,,BB
434,,1,6,1,,dc3891fb229145bf9f82741807cce24a,文泉,2020-08-11 18:37:56,,,,BB
435,,1,6,1,,dc3891fb229145bf9f82741807cce24a,文泉,2020-08-11 18:37:56,,,,BB
436,,1,6,1,,dc3891fb229145bf9f82741807cce24a,文泉,2020-08-11 18:37:56,,,,BB
437,,1,6,1,,dc3891fb229145bf9f82741807cce24a,文泉,2020-08-11 18:37:56,,,,BB
438,,1,6,1,,dc3891fb229145bf9f82741807cce24a,文泉,2020-08-11 18:37:56,,,,BB
439,,1,6,1,,dc3891fb229145bf9f82741807cce24a,文泉,2020-08-11 18:37:56,,,,BB
440,,1,6,1,,dc3891fb229145bf9f82741807cce24a,文泉,2020-08-11 18:37:56,,,,BB
441,,1,6,1,,dc3891fb229145bf9f82741807cce24a,文泉,2020-08-11 18:37:56,,,,BB
442,,1,6,1,,dc3891fb229145bf9f82741807cce24a,文泉,2020-08-11 18:37:56,,,,BB
443,,1,6,1,,dc3891fb229145bf9f82741807cce24a,文泉,2020-08-11 18:37:56,,,,BB
444,,1,6,1,,dc3891fb229145bf9f82741807cce24a,文泉,2020-08-11 18:37:56,,,,BB
445,,1,6,1,,dc3891fb229145bf9f82741807cce24a,文泉,2020-08-11 18:37:56,,,,BB
446,,1,6,1,,dc3891fb229145bf9f82741807cce24a,文泉,2020-08-11 18:37:56,,,,BB
447,,1,6,1,,dc3891fb229145bf9f82741807cce24a,文泉,2020-08-11 18:37:56,,,,BB
448,,1,6,1,,dc3891fb229145bf9f82741807cce24a,文泉,2020-08-11 18:37:56,,,,BB
449,,1,6,1,,dc3891fb229145bf9f82741807cce24a,文泉,2020-08-11 18:37:56,,,,BB
450,,1,6,1,,dc3891fb229145bf9f82741807cce24a,文泉,2020-08-11 18:37:56,,,,BB
451,,1,6,1,,dc3891fb229145bf9f82741807cce24a,文泉,2020-08-11 18:37:56,,,,BB
452,,1,6,1,,dc3891fb229145bf9f82741807cce24a,文泉,2020-08-11 18:37:56,,,,BB
453,,1,6,1,,dc3891fb229145bf9f82741807cce24a,文泉,2020-08-11 18:37:56,,,,BB
454,,1,6,1,,dc3891fb229145bf9f82741807cce24a,文泉,2020-08-11 18:37:56,,,,BB
455,,1,6,1,,dc3891fb229145bf9f82741807cce24a,文泉,2020-08-11 18:37:56,,,,BB
456,,1,6,1,,dc3891fb229145bf9f82741807cce24a,文泉,2020-08-11 18:37:56,,,,BB
457,,1,6,1,,dc3891fb229145bf9f82741807cce24a,文泉,2020-08-11 18:37:56,,,,BB
458,,1,6,1,,dc3891fb229145bf9f82741807cce24a,文泉,2020-08-11 18:37:56,,,,BB
459,,1,6,1,,dc3891fb229145bf9f82741807cce24a,文泉,2020-08-11 18:37:56,,,,BB
460,,1,6,1,,dc3891fb229145bf9f82741807cce24a,文泉,2020-08-11 18:37:56,,,,BB
461,,1,6,1,,dc3891fb229145bf9f82741807cce24a,文泉,2020-08-11 18:37:56,,,,BB
462,,1,6,1,,dc3891fb229145bf9f82741807cce24a,文泉,2020-08-11 18:37:56,,,,BB
463,,1,6,1,,dc3891fb229145bf9f82741807cce24a,文泉,2020-08-11 18:37:56,,,,BB
464,,1,6,1,,dc3891fb229145bf9f82741807cce24a,文泉,2020-08-11 18:37:56,,,,BB
465,,1,6,1,,dc3891fb229145bf9f82741807cce24a,文泉,2020-08-11 18:37:56,,,,BB
466,,1,6,1,,dc3891fb229145bf9f82741807cce24a,文泉,2020-08-11 18:37:56,,,,BB
467,,1,6,1,,dc3891fb229145bf9f82741807cce24a,文泉,2020-08-11 18:37:56,,,,BB
468,,1,6,1,,dc3891fb229145bf9f82741807cce24a,文泉,2020-08-11 18:37:56,,,,BB
469,,1,6,1,,dc3891fb229145bf9f82741807cce24a,文泉,2020-08-11 18:37:56,,,,BB
470,,1,6,1,,dc3891fb229145bf9f82741807cce24a,文泉,2020-08-11 18:37:56,,,,BB
471,,1,6,1,,dc3891fb229145bf9f82741807cce24a,文泉,2020-08-11 18:37:56,,,,BB
472,,1,6,1,,dc3891fb229145bf9f82741807cce24a,文泉,2020-08-11 18:37:56,,,,BB
473,,1,6,1,,dc3891fb229145bf9f82741807cce24a,文泉,2020-08-11 18:37:56,,,,BB
474,,1,6,1,,dc3891fb229145bf9f82741807cce24a,文泉,2020-08-11 18:37:56,,,,BB
475,,1,6,1,,dc3891fb229145bf9f82741807cce24a,文泉,2020-08-11 18:37:56,,,,BB
476,,1,6,1,,dc3891fb229145bf9f82741807cce24a,文泉,2020-08-11 18:37:56,,,,BB
477,,1,6,1,,dc3891fb229145bf9f82741807cce24a,文泉,2020-08-11 18:37:56,,,,BB
478,,1,6,1,,dc3891fb229145bf9f82741807cce24a,文泉,2020-08-11 18:37:56,,,,BB
479,,1,6,1,,dc3891fb229145bf9f82741807cce24a,文泉,2020-08-11 18:37:56,,,,BB
480,,1,6,1,,dc3891fb229145bf9f82741807cce24a,文泉,2020-08-11 18:37:56,,,,BB
481,,1,6,1,,dc3891fb229145bf9f82741807cce24a,文泉,2020-08-11 18:37:56,,,,BB
482,,1,6,1,,dc3891fb229145bf9f82741807cce24a,文泉,2020-08-11 18:37:56,,,,BB
483,,1,6,1,,dc3891fb229145bf9f82741807cce24a,文泉,2020-08-11 18:37:56,,,,BB
484,,1,6,1,,dc3891fb229145bf9f82741807cce24a,文泉,2020-08-11 18:37:56,,,,BB
485,,1,6,1,,dc3891fb229145bf9f82741807cce24a,文泉,2020-08-11 18:37:56,,,,BB
486,,1,6,1,,dc3891fb229145bf9f82741807cce24a,文泉,2020-08-11 18:37:56,,,,BB
487,,1,6,1,,dc3891fb229145bf9f82741807cce24a,文泉,2020-08-11 18:37:56,,,,BB
488,,1,6,1,,dc3891fb229145bf9f82741807cce24a,文泉,2020-08-11 18:37:56,,,,BB
489,,1,6,1,,dc3891fb229145bf9f82741807cce24a,文泉,2020-08-11 18:37:56,,,,BB
490,,1,6,1,,dc3891fb229145bf9f82741807cce24a,文泉,2020-08-11 18:37:56,,,,BB
491,,1,6,1,,dc3891fb229145bf9f82741807cce24a,文泉,2020-08-11 18:37:56,,,,BB
492,,1,6,1,,dc3891fb229145bf9f82741807cce24a,文泉,2020-08-11 18:37:56,,,,BB
493,,1,6,1,,dc3891fb229145bf9f82741807cce24a,文泉,2020-08-11 18:37:56,,,,BB
494,,1,6,1,,dc3891fb229145bf9f82741807cce24a,文泉,2020-08-11 18:37:56,,,,BB
495,,1,6,1,,dc3891fb229145bf9f82741807cce24a,文泉,2020-08-11 18:37:56,,,,BB
496,,1,6,1,,dc3891fb229145bf9f82741807cce24a,文泉,2020-08-11 18:37:56,,,,BB
497,,1,6,1,,dc3891fb229145bf9f82741807cce24a,文泉,2020-08-11 18:37:56,,,,BB
498,,1,6,1,,dc3891fb229145bf9f82741807cce24a,文泉,2020-08-11 18:37:56,,,,BB
499,,1,6,1,,dc3891fb229145bf9f82741807cce24a,文泉,2020-08-11 18:37:56,,,,BB
500,,1,6,1,,dc3891fb229145bf9f82741807cce24a,文泉,2020-08-11 18:37:56,,,,BB
501,,1,6,1,,dc3891fb229145bf9f82741807cce24a,文泉,2020-08-11 18:39:36,,,,BB
502,,1,6,1,,dc3891fb229145bf9f82741807cce24a,文泉,2020-08-11 18:39:36,,,,BB
503,,1,6,1,,dc3891fb229145bf9f82741807cce24a,文泉,2020-08-11 18:39:36,,,,BB
504,,1,6,1,,dc3891fb229145bf9f82741807cce24a,文泉,2020-08-11 18:39:36,,,,BB
505,,1,6,1,,dc3891fb229145bf9f82741807cce24a,文泉,2020-08-11 18:39:36,,,,BB
506,,1,6,1,,dc3891fb229145bf9f82741807cce24a,文泉,2020-08-11 18:39:36,,,,BB
507,,1,6,1,,dc3891fb229145bf9f82741807cce24a,文泉,2020-08-11 18:39:36,,,,BB
508,,1,6,1,,dc3891fb229145bf9f82741807cce24a,文泉,2020-08-11 18:39:36,,,,BB
509,,1,6,1,,dc3891fb229145bf9f82741807cce24a,文泉,2020-08-11 18:39:36,,,,BB
510,,1,6,1,,dc3891fb229145bf9f82741807cce24a,文泉,2020-08-11 18:39:36,,,,BB
511,,1,6,1,,dc3891fb229145bf9f82741807cce24a,文泉,2020-08-11 18:39:36,,,,BB
512,,1,6,1,,dc3891fb229145bf9f82741807cce24a,文泉,2020-08-11 18:39:36,,,,BB
513,,1,6,1,,dc3891fb229145bf9f82741807cce24a,文泉,2020-08-11 18:39:36,,,,BB
514,,1,6,1,,dc3891fb229145bf9f82741807cce24a,文泉,2020-08-11 18:39:36,,,,BB
515,,1,6,1,,dc3891fb229145bf9f82741807cce24a,文泉,2020-08-11 18:39:36,,,,BB
516,,1,6,1,,dc3891fb229145bf9f82741807cce24a,文泉,2020-08-11 18:39:36,,,,BB
517,,1,6,1,,dc3891fb229145bf9f82741807cce24a,文泉,2020-08-11 18:39:36,,,,BB
518,,1,6,1,,dc3891fb229145bf9f82741807cce24a,文泉,2020-08-11 18:39:36,,,,BB
519,,1,6,1,,dc3891fb229145bf9f82741807cce24a,文泉,2020-08-11 18:39:36,,,,BB
520,,1,6,1,,dc3891fb229145bf9f82741807cce24a,文泉,2020-08-11 18:39:36,,,,BB
521,,1,6,1,,dc3891fb229145bf9f82741807cce24a,文泉,2020-08-11 18:39:36,,,,BB
522,,1,6,1,,dc3891fb229145bf9f82741807cce24a,文泉,2020-08-11 18:39:36,,,,BB
523,,1,6,1,,dc3891fb229145bf9f82741807cce24a,文泉,2020-08-11 18:39:36,,,,BB
524,,1,6,1,,dc3891fb229145bf9f82741807cce24a,文泉,2020-08-11 18:39:36,,,,BB
525,,1,6,1,,dc3891fb229145bf9f82741807cce24a,文泉,2020-08-11 18:39:36,,,,BB
526,,1,6,1,,dc3891fb229145bf9f82741807cce24a,文泉,2020-08-11 18:39:36,,,,BB
527,,1,6,1,,dc3891fb229145bf9f82741807cce24a,文泉,2020-08-11 18:39:36,,,,BB
528,,1,6,1,,dc3891fb229145bf9f82741807cce24a,文泉,2020-08-11 18:39:36,,,,BB
529,,1,6,1,,dc3891fb229145bf9f82741807cce24a,文泉,2020-08-11 18:39:36,,,,BB
530,,1,6,1,,dc3891fb229145bf9f82741807cce24a,文泉,2020-08-11 18:39:36,,,,BB
531,,1,6,1,,dc3891fb229145bf9f82741807cce24a,文泉,2020-08-11 18:39:36,,,,BB
532,,1,6,1,,dc3891fb229145bf9f82741807cce24a,文泉,2020-08-11 18:39:36,,,,BB
533,,1,6,1,,dc3891fb229145bf9f82741807cce24a,文泉,2020-08-11 18:39:36,,,,BB
534,,1,6,1,,dc3891fb229145bf9f82741807cce24a,文泉,2020-08-11 18:39:36,,,,BB
535,,1,6,1,,dc3891fb229145bf9f82741807cce24a,文泉,2020-08-11 18:39:36,,,,BB
536,,1,6,1,,dc3891fb229145bf9f82741807cce24a,文泉,2020-08-11 18:39:36,,,,BB
537,,1,6,1,,dc3891fb229145bf9f82741807cce24a,文泉,2020-08-11 18:39:36,,,,BB
538,,1,6,1,,dc3891fb229145bf9f82741807cce24a,文泉,2020-08-11 18:39:36,,,,BB
539,,1,6,1,,dc3891fb229145bf9f82741807cce24a,文泉,2020-08-11 18:39:36,,,,BB
540,,1,6,1,,dc3891fb229145bf9f82741807cce24a,文泉,2020-08-11 18:39:36,,,,BB
541,,1,6,1,,dc3891fb229145bf9f82741807cce24a,文泉,2020-08-11 18:39:36,,,,BB
542,,1,6,1,,dc3891fb229145bf9f82741807cce24a,文泉,2020-08-11 18:39:36,,,,BB
543,,1,6,1,,dc3891fb229145bf9f82741807cce24a,文泉,2020-08-11 18:39:36,,,,BB
544,,1,6,1,,dc3891fb229145bf9f82741807cce24a,文泉,2020-08-11 18:39:36,,,,BB
545,,1,6,1,,dc3891fb229145bf9f82741807cce24a,文泉,2020-08-11 18:39:36,,,,BB
546,,1,6,1,,dc3891fb229145bf9f82741807cce24a,文泉,2020-08-11 18:39:36,,,,BB
547,,1,6,1,,dc3891fb229145bf9f82741807cce24a,文泉,2020-08-11 18:39:36,,,,BB
548,,1,6,1,,dc3891fb229145bf9f82741807cce24a,文泉,2020-08-11 18:39:36,,,,BB
549,,1,6,1,,dc3891fb229145bf9f82741807cce24a,文泉,2020-08-11 18:39:36,,,,BB
550,,1,6,1,,dc3891fb229145bf9f82741807cce24a,文泉,2020-08-11 18:39:36,,,,BB
551,,1,6,1,,dc3891fb229145bf9f82741807cce24a,文泉,2020-08-11 18:39:36,,,,BB
552,,1,6,1,,dc3891fb229145bf9f82741807cce24a,文泉,2020-08-11 18:39:36,,,,BB
553,,1,6,1,,dc3891fb229145bf9f82741807cce24a,文泉,2020-08-11 18:39:36,,,,BB
554,,1,6,1,,dc3891fb229145bf9f82741807cce24a,文泉,2020-08-11 18:39:36,,,,BB
555,,1,6,1,,dc3891fb229145bf9f82741807cce24a,文泉,2020-08-11 18:39:36,,,,BB
556,,1,6,1,,dc3891fb229145bf9f82741807cce24a,文泉,2020-08-11 18:39:36,,,,BB
557,,1,6,1,,dc3891fb229145bf9f82741807cce24a,文泉,2020-08-11 18:39:36,,,,BB
558,,1,6,1,,dc3891fb229145bf9f82741807cce24a,文泉,2020-08-11 18:39:36,,,,BB
559,,1,6,1,,dc3891fb229145bf9f82741807cce24a,文泉,2020-08-11 18:39:36,,,,BB
560,,1,6,1,,dc3891fb229145bf9f82741807cce24a,文泉,2020-08-11 18:39:36,,,,BB
561,,1,6,1,,dc3891fb229145bf9f82741807cce24a,文泉,2020-08-11 18:39:36,,,,BB
562,,1,6,1,,dc3891fb229145bf9f82741807cce24a,文泉,2020-08-11 18:39:36,,,,BB
563,,1,6,1,,dc3891fb229145bf9f82741807cce24a,文泉,2020-08-11 18:39:36,,,,BB
564,,1,6,1,,dc3891fb229145bf9f82741807cce24a,文泉,2020-08-11 18:39:36,,,,BB
565,,1,6,1,,dc3891fb229145bf9f82741807cce24a,文泉,2020-08-11 18:39:36,,,,BB
566,,1,6,1,,dc3891fb229145bf9f82741807cce24a,文泉,2020-08-11 18:39:36,,,,BB
567,,1,6,1,,dc3891fb229145bf9f82741807cce24a,文泉,2020-08-11 18:39:36,,,,BB
568,,1,6,1,,dc3891fb229145bf9f82741807cce24a,文泉,2020-08-11 18:39:36,,,,BB
569,,1,6,1,,dc3891fb229145bf9f82741807cce24a,文泉,2020-08-11 18:39:36,,,,BB
570,,1,6,1,,dc3891fb229145bf9f82741807cce24a,文泉,2020-08-11 18:39:36,,,,BB
571,,1,6,1,,dc3891fb229145bf9f82741807cce24a,文泉,2020-08-11 18:39:36,,,,BB
572,,1,6,1,,dc3891fb229145bf9f82741807cce24a,文泉,2020-08-11 18:39:36,,,,BB
573,,1,6,1,,dc3891fb229145bf9f82741807cce24a,文泉,2020-08-11 18:39:36,,,,BB
574,,1,6,1,,dc3891fb229145bf9f82741807cce24a,文泉,2020-08-11 18:39:36,,,,BB
575,,1,6,1,,dc3891fb229145bf9f82741807cce24a,文泉,2020-08-11 18:39:36,,,,BB
576,,1,6,1,,dc3891fb229145bf9f82741807cce24a,文泉,2020-08-11 18:39:36,,,,BB
577,,1,6,1,,dc3891fb229145bf9f82741807cce24a,文泉,2020-08-11 18:39:36,,,,BB
578,,1,6,1,,dc3891fb229145bf9f82741807cce24a,文泉,2020-08-11 18:39:36,,,,BB
579,,1,6,1,,dc3891fb229145bf9f82741807cce24a,文泉,2020-08-11 18:39:36,,,,BB
580,,1,6,1,,dc3891fb229145bf9f82741807cce24a,文泉,2020-08-11 18:39:36,,,,BB
581,,1,6,1,,dc3891fb229145bf9f82741807cce24a,文泉,2020-08-11 18:39:36,,,,BB
582,,1,6,1,,dc3891fb229145bf9f82741807cce24a,文泉,2020-08-11 18:39:36,,,,BB
583,,1,6,1,,dc3891fb229145bf9f82741807cce24a,文泉,2020-08-11 18:39:36,,,,BB
584,,1,6,1,,dc3891fb229145bf9f82741807cce24a,文泉,2020-08-11 18:39:36,,,,BB
585,,1,6,1,,dc3891fb229145bf9f82741807cce24a,文泉,2020-08-11 18:39:36,,,,BB
586,,1,6,1,,dc3891fb229145bf9f82741807cce24a,文泉,2020-08-11 18:39:36,,,,BB
587,,1,6,1,,dc3891fb229145bf9f82741807cce24a,文泉,2020-08-11 18:39:36,,,,BB
588,,1,6,1,,dc3891fb229145bf9f82741807cce24a,文泉,2020-08-11 18:39:36,,,,BB
589,,1,6,1,,dc3891fb229145bf9f82741807cce24a,文泉,2020-08-11 18:39:36,,,,BB
590,,1,6,1,,dc3891fb229145bf9f82741807cce24a,文泉,2020-08-11 18:39:36,,,,BB
591,,1,6,1,,dc3891fb229145bf9f82741807cce24a,文泉,2020-08-11 18:39:36,,,,BB
592,,1,6,1,,dc3891fb229145bf9f82741807cce24a,文泉,2020-08-11 18:39:36,,,,BB
593,,1,6,1,,dc3891fb229145bf9f82741807cce24a,文泉,2020-08-11 18:39:36,,,,BB
594,,1,6,1,,dc3891fb229145bf9f82741807cce24a,文泉,2020-08-11 18:39:36,,,,BB
595,,1,6,1,,dc3891fb229145bf9f82741807cce24a,文泉,2020-08-11 18:39:36,,,,BB
596,,1,6,1,,dc3891fb229145bf9f82741807cce24a,文泉,2020-08-11 18:39:36,,,,BB
597,,1,6,1,,dc3891fb229145bf9f82741807cce24a,文泉,2020-08-11 18:39:36,,,,BB
598,,1,6,1,,dc3891fb229145bf9f82741807cce24a,文泉,2020-08-11 18:39:36,,,,BB
599,,1,6,1,,dc3891fb229145bf9f82741807cce24a,文泉,2020-08-11 18:39:36,,,,BB
600,,1,6,1,,dc3891fb229145bf9f82741807cce24a,文泉,2020-08-11 18:39:36,,,,BB
601,601,1,6,1,,dc3891fb229145bf9f82741807cce24a,文泉,2020-08-11 19:00:10,,,,BB
602,602,1,6,1,,dc3891fb229145bf9f82741807cce24a,文泉,2020-08-11 19:00:10,,,,BB
603,603,1,6,1,,dc3891fb229145bf9f82741807cce24a,文泉,2020-08-11 19:00:10,,,,BB
604,604,1,6,1,,dc3891fb229145bf9f82741807cce24a,文泉,2020-08-11 19:00:10,,,,BB
605,605,1,6,1,,dc3891fb229145bf9f82741807cce24a,文泉,2020-08-11 19:00:10,,,,BB
606,606,1,6,1,,dc3891fb229145bf9f82741807cce24a,文泉,2020-08-11 19:00:10,,,,BB
607,607,1,6,1,,dc3891fb229145bf9f82741807cce24a,文泉,2020-08-11 19:00:10,,,,BB
608,608,1,6,1,,dc3891fb229145bf9f82741807cce24a,文泉,2020-08-11 19:00:10,,,,BB
609,609,1,6,1,,dc3891fb229145bf9f82741807cce24a,文泉,2020-08-11 19:00:10,,,,BB
610,610,1,6,1,,dc3891fb229145bf9f82741807cce24a,文泉,2020-08-11 19:00:10,,,,BB
611,611,1,6,1,,dc3891fb229145bf9f82741807cce24a,文泉,2020-08-11 19:00:10,,,,BB
612,612,1,6,1,,dc3891fb229145bf9f82741807cce24a,文泉,2020-08-11 19:00:10,,,,BB
613,613,1,6,1,,dc3891fb229145bf9f82741807cce24a,文泉,2020-08-11 19:00:10,,,,BB
614,614,1,6,1,,dc3891fb229145bf9f82741807cce24a,文泉,2020-08-11 19:00:10,,,,BB
615,615,1,6,1,,dc3891fb229145bf9f82741807cce24a,文泉,2020-08-11 19:00:10,,,,BB
616,616,1,6,1,,dc3891fb229145bf9f82741807cce24a,文泉,2020-08-11 19:00:10,,,,BB
617,617,1,6,1,,dc3891fb229145bf9f82741807cce24a,文泉,2020-08-11 19:00:10,,,,BB
618,618,1,6,1,,dc3891fb229145bf9f82741807cce24a,文泉,2020-08-11 19:00:10,,,,BB
619,619,1,6,1,,dc3891fb229145bf9f82741807cce24a,文泉,2020-08-11 19:00:10,,,,BB
620,620,1,6,1,,dc3891fb229145bf9f82741807cce24a,文泉,2020-08-11 19:00:10,,,,BB
621,621,1,6,1,,dc3891fb229145bf9f82741807cce24a,文泉,2020-08-11 19:00:10,,,,BB
622,622,1,6,1,,dc3891fb229145bf9f82741807cce24a,文泉,2020-08-11 19:00:10,,,,BB
623,623,1,6,1,,dc3891fb229145bf9f82741807cce24a,文泉,2020-08-11 19:00:10,,,,BB
624,624,1,6,1,,dc3891fb229145bf9f82741807cce24a,文泉,2020-08-11 19:00:10,,,,BB
625,625,1,6,1,,dc3891fb229145bf9f82741807cce24a,文泉,2020-08-11 19:00:10,,,,BB
626,626,1,6,1,,dc3891fb229145bf9f82741807cce24a,文泉,2020-08-11 19:00:10,,,,BB
627,627,1,6,1,,dc3891fb229145bf9f82741807cce24a,文泉,2020-08-11 19:00:10,,,,BB
628,628,1,6,1,,dc3891fb229145bf9f82741807cce24a,文泉,2020-08-11 19:00:10,,,,BB
629,629,1,6,1,,dc3891fb229145bf9f82741807cce24a,文泉,2020-08-11 19:00:10,,,,BB
630,630,1,6,1,,dc3891fb229145bf9f82741807cce24a,文泉,2020-08-11 19:00:10,,,,BB
631,631,1,6,1,,dc3891fb229145bf9f82741807cce24a,文泉,2020-08-11 19:00:10,,,,BB
632,632,1,6,1,,dc3891fb229145bf9f82741807cce24a,文泉,2020-08-11 19:00:10,,,,BB
633,633,1,6,1,,dc3891fb229145bf9f82741807cce24a,文泉,2020-08-11 19:00:10,,,,BB
634,634,1,6,1,,dc3891fb229145bf9f82741807cce24a,文泉,2020-08-11 19:00:10,,,,BB
635,635,1,6,1,,dc3891fb229145bf9f82741807cce24a,文泉,2020-08-11 19:00:10,,,,BB
636,636,1,6,1,,dc3891fb229145bf9f82741807cce24a,文泉,2020-08-11 19:00:10,,,,BB
637,637,1,6,1,,dc3891fb229145bf9f82741807cce24a,文泉,2020-08-11 19:00:10,,,,BB
638,638,1,6,1,,dc3891fb229145bf9f82741807cce24a,文泉,2020-08-11 19:00:10,,,,BB
639,639,1,6,1,,dc3891fb229145bf9f82741807cce24a,文泉,2020-08-11 19:00:10,,,,BB
640,640,1,6,1,,dc3891fb229145bf9f82741807cce24a,文泉,2020-08-11 19:00:10,,,,BB
641,641,1,6,1,,dc3891fb229145bf9f82741807cce24a,文泉,2020-08-11 19:00:10,,,,BB
642,642,1,6,1,,dc3891fb229145bf9f82741807cce24a,文泉,2020-08-11 19:00:10,,,,BB
643,643,1,6,1,,dc3891fb229145bf9f82741807cce24a,文泉,2020-08-11 19:00:10,,,,BB
644,644,1,6,1,,dc3891fb229145bf9f82741807cce24a,文泉,2020-08-11 19:00:10,,,,BB
645,645,1,6,1,,dc3891fb229145bf9f82741807cce24a,文泉,2020-08-11 19:00:10,,,,BB
646,646,1,6,1,,dc3891fb229145bf9f82741807cce24a,文泉,2020-08-11 19:00:10,,,,BB
647,647,1,6,1,,dc3891fb229145bf9f82741807cce24a,文泉,2020-08-11 19:00:10,,,,BB
648,648,1,6,1,,dc3891fb229145bf9f82741807cce24a,文泉,2020-08-11 19:00:10,,,,BB
649,649,1,6,1,,dc3891fb229145bf9f82741807cce24a,文泉,2020-08-11 19:00:10,,,,BB
650,650,1,6,1,,dc3891fb229145bf9f82741807cce24a,文泉,2020-08-11 19:00:10,,,,BB
651,651,1,6,1,,dc3891fb229145bf9f82741807cce24a,文泉,2020-08-11 19:00:10,,,,BB
652,652,1,6,1,,dc3891fb229145bf9f82741807cce24a,文泉,2020-08-11 19:00:10,,,,BB
653,653,1,6,1,,dc3891fb229145bf9f82741807cce24a,文泉,2020-08-11 19:00:10,,,,BB
654,654,1,6,1,,dc3891fb229145bf9f82741807cce24a,文泉,2020-08-11 19:00:10,,,,BB
655,655,1,6,1,,dc3891fb229145bf9f82741807cce24a,文泉,2020-08-11 19:00:10,,,,BB
656,656,1,6,1,,dc3891fb229145bf9f82741807cce24a,文泉,2020-08-11 19:00:10,,,,BB
657,657,1,6,1,,dc3891fb229145bf9f82741807cce24a,文泉,2020-08-11 19:00:10,,,,BB
658,658,1,6,1,,dc3891fb229145bf9f82741807cce24a,文泉,2020-08-11 19:00:10,,,,BB
659,659,1,6,1,,dc3891fb229145bf9f82741807cce24a,文泉,2020-08-11 19:00:10,,,,BB
660,660,1,6,1,,dc3891fb229145bf9f82741807cce24a,文泉,2020-08-11 19:00:10,,,,BB
661,661,1,6,1,,dc3891fb229145bf9f82741807cce24a,文泉,2020-08-11 19:00:10,,,,BB
662,662,1,6,1,,dc3891fb229145bf9f82741807cce24a,文泉,2020-08-11 19:00:10,,,,BB
663,663,1,6,1,,dc3891fb229145bf9f82741807cce24a,文泉,2020-08-11 19:00:10,,,,BB
664,664,1,6,1,,dc3891fb229145bf9f82741807cce24a,文泉,2020-08-11 19:00:10,,,,BB
665,665,1,6,1,,dc3891fb229145bf9f82741807cce24a,文泉,2020-08-11 19:00:10,,,,BB
666,666,1,6,1,,dc3891fb229145bf9f82741807cce24a,文泉,2020-08-11 19:00:10,,,,BB
667,667,1,6,1,,dc3891fb229145bf9f82741807cce24a,文泉,2020-08-11 19:00:10,,,,BB
668,668,1,6,1,,dc3891fb229145bf9f82741807cce24a,文泉,2020-08-11 19:00:10,,,,BB
669,669,1,6,1,,dc3891fb229145bf9f82741807cce24a,文泉,2020-08-11 19:00:10,,,,BB
670,670,1,6,1,,dc3891fb229145bf9f82741807cce24a,文泉,2020-08-11 19:00:10,,,,BB
671,671,1,6,1,,dc3891fb229145bf9f82741807cce24a,文泉,2020-08-11 19:00:10,,,,BB
672,672,1,6,1,,dc3891fb229145bf9f82741807cce24a,文泉,2020-08-11 19:00:10,,,,BB
673,673,1,6,1,,dc3891fb229145bf9f82741807cce24a,文泉,2020-08-11 19:00:10,,,,BB
674,674,1,6,1,,dc3891fb229145bf9f82741807cce24a,文泉,2020-08-11 19:00:10,,,,BB
675,675,1,6,1,,dc3891fb229145bf9f82741807cce24a,文泉,2020-08-11 19:00:10,,,,BB
676,676,1,6,1,,dc3891fb229145bf9f82741807cce24a,文泉,2020-08-11 19:00:10,,,,BB
677,677,1,6,1,,dc3891fb229145bf9f82741807cce24a,文泉,2020-08-11 19:00:10,,,,BB
678,678,1,6,1,,dc3891fb229145bf9f82741807cce24a,文泉,2020-08-11 19:00:10,,,,BB
679,679,1,6,1,,dc3891fb229145bf9f82741807cce24a,文泉,2020-08-11 19:00:10,,,,BB
680,680,1,6,1,,dc3891fb229145bf9f82741807cce24a,文泉,2020-08-11 19:00:10,,,,BB
681,681,1,6,1,,dc3891fb229145bf9f82741807cce24a,文泉,2020-08-11 19:00:10,,,,BB
682,682,1,6,1,,dc3891fb229145bf9f82741807cce24a,文泉,2020-08-11 19:00:10,,,,BB
683,683,1,6,1,,dc3891fb229145bf9f82741807cce24a,文泉,2020-08-11 19:00:10,,,,BB
684,684,1,6,1,,dc3891fb229145bf9f82741807cce24a,文泉,2020-08-11 19:00:10,,,,BB
685,685,1,6,1,,dc3891fb229145bf9f82741807cce24a,文泉,2020-08-11 19:00:10,,,,BB
686,686,1,6,1,,dc3891fb229145bf9f82741807cce24a,文泉,2020-08-11 19:00:10,,,,BB
687,687,1,6,1,,dc3891fb229145bf9f82741807cce24a,文泉,2020-08-11 19:00:10,,,,BB
688,688,1,6,1,,dc3891fb229145bf9f82741807cce24a,文泉,2020-08-11 19:00:10,,,,BB
689,689,1,6,1,,dc3891fb229145bf9f82741807cce24a,文泉,2020-08-11 19:00:10,,,,BB
690,690,1,6,1,,dc3891fb229145bf9f82741807cce24a,文泉,2020-08-11 19:00:10,,,,BB
691,691,1,6,1,,dc3891fb229145bf9f82741807cce24a,文泉,2020-08-11 19:00:10,,,,BB
692,692,1,6,1,,dc3891fb229145bf9f82741807cce24a,文泉,2020-08-11 19:00:10,,,,BB
693,693,1,6,1,,dc3891fb229145bf9f82741807cce24a,文泉,2020-08-11 19:00:10,,,,BB
694,694,1,6,1,,dc3891fb229145bf9f82741807cce24a,文泉,2020-08-11 19:00:10,,,,BB
695,695,1,6,1,,dc3891fb229145bf9f82741807cce24a,文泉,2020-08-11 19:00:10,,,,BB
696,696,1,6,1,,dc3891fb229145bf9f82741807cce24a,文泉,2020-08-11 19:00:10,,,,BB
697,697,1,6,1,,dc3891fb229145bf9f82741807cce24a,文泉,2020-08-11 19:00:10,,,,BB
698,698,1,6,1,,dc3891fb229145bf9f82741807cce24a,文泉,2020-08-11 19:00:10,,,,BB
699,699,1,6,1,,dc3891fb229145bf9f82741807cce24a,文泉,2020-08-11 19:00:10,,,,BB
700,700,1,6,1,,dc3891fb229145bf9f82741807cce24a,文泉,2020-08-11 19:00:10,,,,BB
701,801,1,6,1,,dc3891fb229145bf9f82741807cce24a,文泉,2020-08-11 19:03:53,,,,BB
702,802,1,6,1,,dc3891fb229145bf9f82741807cce24a,文泉,2020-08-11 19:03:53,,,,BB
703,803,1,6,1,,dc3891fb229145bf9f82741807cce24a,文泉,2020-08-11 19:03:53,,,,BB
704,804,1,6,1,,dc3891fb229145bf9f82741807cce24a,文泉,2020-08-11 19:03:53,,,,BB
705,805,1,6,1,,dc3891fb229145bf9f82741807cce24a,文泉,2020-08-11 19:03:53,,,,BB
706,806,1,6,1,,dc3891fb229145bf9f82741807cce24a,文泉,2020-08-11 19:03:53,,,,BB
707,807,1,6,1,,dc3891fb229145bf9f82741807cce24a,文泉,2020-08-11 19:03:53,,,,BB
708,808,1,6,1,,dc3891fb229145bf9f82741807cce24a,文泉,2020-08-11 19:03:53,,,,BB
709,809,1,6,1,,dc3891fb229145bf9f82741807cce24a,文泉,2020-08-11 19:03:53,,,,BB
710,810,1,6,1,,dc3891fb229145bf9f82741807cce24a,文泉,2020-08-11 19:03:53,,,,BB
711,811,1,6,1,,dc3891fb229145bf9f82741807cce24a,文泉,2020-08-11 19:03:53,,,,BB
712,812,1,6,1,,dc3891fb229145bf9f82741807cce24a,文泉,2020-08-11 19:03:53,,,,BB
713,813,1,6,1,,dc3891fb229145bf9f82741807cce24a,文泉,2020-08-11 19:03:53,,,,BB
714,814,1,6,1,,dc3891fb229145bf9f82741807cce24a,文泉,2020-08-11 19:03:53,,,,BB
715,815,1,6,1,,dc3891fb229145bf9f82741807cce24a,文泉,2020-08-11 19:03:53,,,,BB
716,816,1,6,1,,dc3891fb229145bf9f82741807cce24a,文泉,2020-08-11 19:03:53,,,,BB
717,817,1,6,1,,dc3891fb229145bf9f82741807cce24a,文泉,2020-08-11 19:03:53,,,,BB
718,818,1,6,1,,dc3891fb229145bf9f82741807cce24a,文泉,2020-08-11 19:03:53,,,,BB
719,819,1,6,1,,dc3891fb229145bf9f82741807cce24a,文泉,2020-08-11 19:03:53,,,,BB
720,820,1,6,1,,dc3891fb229145bf9f82741807cce24a,文泉,2020-08-11 19:03:53,,,,BB
721,821,1,6,1,,dc3891fb229145bf9f82741807cce24a,文泉,2020-08-11 19:03:53,,,,BB
722,822,1,6,1,,dc3891fb229145bf9f82741807cce24a,文泉,2020-08-11 19:03:53,,,,BB
723,823,1,6,1,,dc3891fb229145bf9f82741807cce24a,文泉,2020-08-11 19:03:53,,,,BB
724,824,1,6,1,,dc3891fb229145bf9f82741807cce24a,文泉,2020-08-11 19:03:53,,,,BB
725,825,1,6,1,,dc3891fb229145bf9f82741807cce24a,文泉,2020-08-11 19:03:53,,,,BB
726,826,1,6,1,,dc3891fb229145bf9f82741807cce24a,文泉,2020-08-11 19:03:53,,,,BB
727,827,1,6,1,,dc3891fb229145bf9f82741807cce24a,文泉,2020-08-11 19:03:53,,,,BB
728,828,1,6,1,,dc3891fb229145bf9f82741807cce24a,文泉,2020-08-11 19:03:53,,,,BB
729,829,1,6,1,,dc3891fb229145bf9f82741807cce24a,文泉,2020-08-11 19:03:53,,,,BB
730,830,1,6,1,,dc3891fb229145bf9f82741807cce24a,文泉,2020-08-11 19:03:53,,,,BB
731,831,1,6,1,,dc3891fb229145bf9f82741807cce24a,文泉,2020-08-11 19:03:53,,,,BB
732,832,1,6,1,,dc3891fb229145bf9f82741807cce24a,文泉,2020-08-11 19:03:53,,,,BB
733,833,1,6,1,,dc3891fb229145bf9f82741807cce24a,文泉,2020-08-11 19:03:53,,,,BB
734,834,1,6,1,,dc3891fb229145bf9f82741807cce24a,文泉,2020-08-11 19:03:53,,,,BB
735,835,1,6,1,,dc3891fb229145bf9f82741807cce24a,文泉,2020-08-11 19:03:53,,,,BB
736,836,1,6,1,,dc3891fb229145bf9f82741807cce24a,文泉,2020-08-11 19:03:53,,,,BB
737,837,1,6,1,,dc3891fb229145bf9f82741807cce24a,文泉,2020-08-11 19:03:53,,,,BB
738,838,1,6,1,,dc3891fb229145bf9f82741807cce24a,文泉,2020-08-11 19:03:53,,,,BB
739,839,1,6,1,,dc3891fb229145bf9f82741807cce24a,文泉,2020-08-11 19:03:53,,,,BB
740,840,1,6,1,,dc3891fb229145bf9f82741807cce24a,文泉,2020-08-11 19:03:53,,,,BB
741,841,1,6,1,,dc3891fb229145bf9f82741807cce24a,文泉,2020-08-11 19:03:53,,,,BB
742,842,1,6,1,,dc3891fb229145bf9f82741807cce24a,文泉,2020-08-11 19:03:53,,,,BB
743,843,1,6,1,,dc3891fb229145bf9f82741807cce24a,文泉,2020-08-11 19:03:53,,,,BB
744,844,1,6,1,,dc3891fb229145bf9f82741807cce24a,文泉,2020-08-11 19:03:53,,,,BB
745,845,1,6,1,,dc3891fb229145bf9f82741807cce24a,文泉,2020-08-11 19:03:53,,,,BB
746,846,1,6,1,,dc3891fb229145bf9f82741807cce24a,文泉,2020-08-11 19:03:53,,,,BB
747,847,1,6,1,,dc3891fb229145bf9f82741807cce24a,文泉,2020-08-11 19:03:53,,,,BB
748,848,1,6,1,,dc3891fb229145bf9f82741807cce24a,文泉,2020-08-11 19:03:53,,,,BB
749,849,1,6,1,,dc3891fb229145bf9f82741807cce24a,文泉,2020-08-11 19:03:53,,,,BB
750,850,1,6,1,,dc3891fb229145bf9f82741807cce24a,文泉,2020-08-11 19:03:53,,,,BB
751,851,1,6,1,,dc3891fb229145bf9f82741807cce24a,文泉,2020-08-11 19:03:53,,,,BB
752,852,1,6,1,,dc3891fb229145bf9f82741807cce24a,文泉,2020-08-11 19:03:53,,,,BB
753,853,1,6,1,,dc3891fb229145bf9f82741807cce24a,文泉,2020-08-11 19:03:53,,,,BB
754,854,1,6,1,,dc3891fb229145bf9f82741807cce24a,文泉,2020-08-11 19:03:53,,,,BB
755,855,1,6,1,,dc3891fb229145bf9f82741807cce24a,文泉,2020-08-11 19:03:53,,,,BB
756,856,1,6,1,,dc3891fb229145bf9f82741807cce24a,文泉,2020-08-11 19:03:53,,,,BB
757,857,1,6,1,,dc3891fb229145bf9f82741807cce24a,文泉,2020-08-11 19:03:53,,,,BB
758,858,1,6,1,,dc3891fb229145bf9f82741807cce24a,文泉,2020-08-11 19:03:53,,,,BB
759,859,1,6,1,,dc3891fb229145bf9f82741807cce24a,文泉,2020-08-11 19:03:53,,,,BB
760,860,1,6,1,,dc3891fb229145bf9f82741807cce24a,文泉,2020-08-11 19:03:53,,,,BB
761,861,1,6,1,,dc3891fb229145bf9f82741807cce24a,文泉,2020-08-11 19:03:53,,,,BB
762,862,1,6,1,,dc3891fb229145bf9f82741807cce24a,文泉,2020-08-11 19:03:53,,,,BB
763,863,1,6,1,,dc3891fb229145bf9f82741807cce24a,文泉,2020-08-11 19:03:53,,,,BB
764,864,1,6,1,,dc3891fb229145bf9f82741807cce24a,文泉,2020-08-11 19:03:53,,,,BB
765,865,1,6,1,,dc3891fb229145bf9f82741807cce24a,文泉,2020-08-11 19:03:53,,,,BB
766,866,1,6,1,,dc3891fb229145bf9f82741807cce24a,文泉,2020-08-11 19:03:53,,,,BB
767,867,1,6,1,,dc3891fb229145bf9f82741807cce24a,文泉,2020-08-11 19:03:53,,,,BB
768,868,1,6,1,,dc3891fb229145bf9f82741807cce24a,文泉,2020-08-11 19:03:53,,,,BB
769,869,1,6,1,,dc3891fb229145bf9f82741807cce24a,文泉,2020-08-11 19:03:53,,,,BB
770,870,1,6,1,,dc3891fb229145bf9f82741807cce24a,文泉,2020-08-11 19:03:53,,,,BB
771,871,1,6,1,,dc3891fb229145bf9f82741807cce24a,文泉,2020-08-11 19:03:53,,,,BB
772,872,1,6,1,,dc3891fb229145bf9f82741807cce24a,文泉,2020-08-11 19:03:53,,,,BB
773,873,1,6,1,,dc3891fb229145bf9f82741807cce24a,文泉,2020-08-11 19:03:53,,,,BB
774,874,1,6,1,,dc3891fb229145bf9f82741807cce24a,文泉,2020-08-11 19:03:53,,,,BB
775,875,1,6,1,,dc3891fb229145bf9f82741807cce24a,文泉,2020-08-11 19:03:53,,,,BB
776,876,1,6,1,,dc3891fb229145bf9f82741807cce24a,文泉,2020-08-11 19:03:53,,,,BB
777,877,1,6,1,,dc3891fb229145bf9f82741807cce24a,文泉,2020-08-11 19:03:53,,,,BB
778,878,1,6,1,,dc3891fb229145bf9f82741807cce24a,文泉,2020-08-11 19:03:53,,,,BB
779,879,1,6,1,,dc3891fb229145bf9f82741807cce24a,文泉,2020-08-11 19:03:53,,,,BB
780,880,1,6,1,,dc3891fb229145bf9f82741807cce24a,文泉,2020-08-11 19:03:53,,,,BB
781,881,1,6,1,,dc3891fb229145bf9f82741807cce24a,文泉,2020-08-11 19:03:53,,,,BB
782,882,1,6,1,,dc3891fb229145bf9f82741807cce24a,文泉,2020-08-11 19:03:53,,,,BB
783,883,1,6,1,,dc3891fb229145bf9f82741807cce24a,文泉,2020-08-11 19:03:53,,,,BB
784,884,1,6,1,,dc3891fb229145bf9f82741807cce24a,文泉,2020-08-11 19:03:53,,,,BB
785,885,1,6,1,,dc3891fb229145bf9f82741807cce24a,文泉,2020-08-11 19:03:53,,,,BB
786,886,1,6,1,,dc3891fb229145bf9f82741807cce24a,文泉,2020-08-11 19:03:53,,,,BB
787,887,1,6,1,,dc3891fb229145bf9f82741807cce24a,文泉,2020-08-11 19:03:53,,,,BB
788,888,1,6,1,,dc3891fb229145bf9f82741807cce24a,文泉,2020-08-11 19:03:53,,,,BB
789,889,1,6,1,,dc3891fb229145bf9f82741807cce24a,文泉,2020-08-11 19:03:53,,,,BB
790,890,1,6,1,,dc3891fb229145bf9f82741807cce24a,文泉,2020-08-11 19:03:53,,,,BB
791,891,1,6,1,,dc3891fb229145bf9f82741807cce24a,文泉,2020-08-11 19:03:53,,,,BB
792,892,1,6,1,,dc3891fb229145bf9f82741807cce24a,文泉,2020-08-11 19:03:53,,,,BB
793,893,1,6,1,,dc3891fb229145bf9f82741807cce24a,文泉,2020-08-11 19:03:53,,,,BB
794,894,1,6,1,,dc3891fb229145bf9f82741807cce24a,文泉,2020-08-11 19:03:53,,,,BB
795,895,1,6,1,,dc3891fb229145bf9f82741807cce24a,文泉,2020-08-11 19:03:53,,,,BB
796,896,1,6,1,,dc3891fb229145bf9f82741807cce24a,文泉,2020-08-11 19:03:53,,,,BB
797,897,1,6,1,,dc3891fb229145bf9f82741807cce24a,文泉,2020-08-11 19:03:53,,,,BB
798,898,1,6,1,,dc3891fb229145bf9f82741807cce24a,文泉,2020-08-11 19:03:53,,,,BB
799,899,1,6,1,,dc3891fb229145bf9f82741807cce24a,文泉,2020-08-11 19:03:53,,,,BB
800,900,1,6,1,,dc3891fb229145bf9f82741807cce24a,文泉,2020-08-11 19:03:53,,,,BB
